scaffold,size,specificity
c1ccccc1,802,0.21161295934610674
c1ccc2[nH]ccc2c1,63,0.5442457568182516
c1ccncc1,41,0.5996365394334917
c1ncncn1,40,0.6028054368020348
O=C(c1cccc2ccccc12)c1c[nH]c2ccccc12,39,0.6060525864057348
O=c1cc(-c2ccccc2)oc2ccccc12,37,0.6127978022039184
c1ccc(Cc2ccccc2)cc1,33,0.6274242932504864
C1CCC2C(C1)CCC1C3CCCC3CCC21,33,0.6274242932504864
c1c[nH]cn1,29,0.6438836066809098
c1ccc(Oc2ccccc2)cc1,29,0.6438836066809098
c1ncc2ncn(C3CCCO3)c2n1,26,0.6577388176437765
O=C1C=C2CCC3C4CCCC4CCC3C2CC1,25,0.6627017793637848
O=C1CN=C(c2ccccc2)c2ccccc2N1,25,0.6627017793637848
c1cc[nH+]cc1,25,0.6627017793637848
C1CCOCC1,25,0.6627017793637848
c1ccc(OC2CCCCO2)cc1,22,0.6788243374826469
C1CCCCC1,21,0.6846698721617894
c1ccc2ccccc2c1,21,0.6846698721617894
c1ccc2ncccc2c1,21,0.6846698721617894
O=c1[nH]c(=O)c2[nH]cnc2[nH]1,17,0.7110586460049512
O=C1CC(c2ccccc2)Oc2ccccc21,16,0.7185751418868361
O=c1[nH]cnc2c1ncn2C1CCCO1,16,0.7185751418868361
c1ccc2scnc2c1,16,0.7185751418868361
c1cncnc1,16,0.7185751418868361
c1ccc2c(c1)Nc1ccccc1S2,16,0.7185751418868361
C1=C2CCCCC2C2CCC3CCCC3C2C1,16,0.7185751418868361
O=C1C=CC2C(=C1)CCC1C3CCCC3CCC21,15,0.7265474540909509
O=c1ccc2ccccc2o1,15,0.7265474540909509
O=c1ncccn1C1CCCO1,15,0.7265474540909509
C1CCNCC1,15,0.7265474540909509
c1ccc2c(c1)OCO2,15,0.7265474540909509
O=C(Nc1ccccc1)c1ccccc1,13,0.744107216431016
O=C(c1ccccc1)c1ccccc1,12,0.7538526280001345
c1ccoc1,12,0.7538526280001345
O=c1c(OC2CCCCO2)c(-c2ccccc2)oc2ccccc12,12,0.7538526280001345
c1ccc(Nc2ccccc2)cc1,11,0.7643784743661259
C1CCNC1,11,0.7643784743661259
c1ccc(-c2ccccc2)cc1,10,0.7758207207981391
O=c1ccn(C2CCCO2)c(=O)[nH]1,10,0.7758207207981391
c1ccc(C2CCCCC2)cc1,10,0.7758207207981391
O=c1cc[nH]n1-c1ccccc1,10,0.7758207207981391
c1ccc2[nH]cnc2c1,10,0.7758207207981391
c1ccc2[nH]nnc2c1,10,0.7758207207981391
c1ccc(C2=NCc3nncn3-c3ccccc32)cc1,10,0.7758207207981391
O=c1oc2ccccc2c2ccccc12,9,0.7883542836784342
c1ccc2c(c1)Sc1ccccc1N2CCCN1CCNCC1,9,0.7883542836784342
O=c1cc[nH]c(=O)[nH]1,9,0.7883542836784342
C(=Cc1ccccc1)c1ccccc1,9,0.7883542836784342
O=C(Nc1ncncn1)NS(=O)(=O)c1ccccc1,8,0.802209494641301
O=C(NC(=O)c1ccccc1)Nc1ccccc1,8,0.802209494641301
c1ccc(CC2CCCCC2)cc1,8,0.802209494641301
C1=CCCCC1,8,0.802209494641301
c1ccc(Cc2ccccn2)cc1,8,0.802209494641301
c1ccc2[nH]ncc2c1,8,0.802209494641301
c1ccc(-c2[o+]c3ccccc3cc2OC2CCCCO2)cc1,8,0.802209494641301
c1ccsc1,8,0.802209494641301
O=C1CC(=O)NC(=O)N1,8,0.802209494641301
C1=CC2C3Cc4cccc5c4C2(CCN3)C(C1)O5,8,0.802209494641301
O=C1C=CC(OC(=O)C2CC2)C1,8,0.802209494641301
O=C(OCc1cccc(Oc2ccccc2)c1)C1CC1,8,0.802209494641301
C1CCOC1,7,0.8176983027273006
O=c1nc[nH]cn1,7,0.8176983027273006
O=S(=O)(Nc1ncccn1)c1ccccc1,7,0.8176983027273006
O=C1C=COC2=C(Cc3ccccc3)CCCC12,7,0.8176983027273006
C1=CC(c2ccccc2)C=CN1,7,0.8176983027273006
O=C1CCCN1,7,0.8176983027273006
O=S1(=O)NCNc2ccccc21,7,0.8176983027273006
c1ccc(C(c2ccccc2)N2CCNCC2)cc1,7,0.8176983027273006
c1ccc2c(c1)CCc1ccccc1N2,7,0.8176983027273006
c1ccc(NCn2cccn2)cc1,7,0.8176983027273006
c1ncc2[nH]cnc2n1,6,0.8352580650673657
O=[PH](OCC1CCC(n2cnc3cncnc32)O1)O[PH](=O)OCC1CCC([n+]2ccccc2)O1,6,0.8352580650673657
C1CNCCN1,6,0.8352580650673657
O=C1CCC(Cc2ccccc2)O1,6,0.8352580650673657
O=c1cccc[nH]1,6,0.8352580650673657
c1ccc(Oc2ccccn2)cc1,6,0.8352580650673657
O=c1ncnc[nH]1,6,0.8352580650673657
c1cscn1,6,0.8352580650673657
O=c1ccc2cc3ccoc3cc2o1,6,0.8352580650673657
O=C(Nc1ncccn1)NS(=O)(=O)c1ccccc1,6,0.8352580650673657
c1ccc2c(c1)CCO2,6,0.8352580650673657
c1ccc(CCn2cncn2)cc1,6,0.8352580650673657
O=C1CCC2C3Cc4cccc5c4C2(CCN3)C1O5,6,0.8352580650673657
O=P(Oc1ccccc1)(Oc1ccccc1)Oc1ccccc1,6,0.8352580650673657
c1ccc2n[nH]nc2c1,6,0.8352580650673657
c1ccc(C2CCc3ccccc3O2)cc1,6,0.8352580650673657
O=c1[nH]c(=O)c2[nH]c(=O)[nH]c2[nH]1,6,0.8352580650673657
O=C1C=CCCC1,6,0.8352580650673657
O=c1c(-c2ccccc2)coc2ccccc12,6,0.8352580650673657
N=C1NCNC(=N)N1,6,0.8352580650673657
O=C1C=CC23CC24CCC2CCCC2C4CCC3C1,5,0.8555293230024756
c1ccc(-c2ccc3ccccc3[o+]2)cc1,5,0.8555293230024756
c1ccc(-n2cccn2)cc1,5,0.8555293230024756
O=C1c2ccccc2C(=O)c2ccccc21,5,0.8555293230024756
c1ccc(COc2ccccc2)cc1,5,0.8555293230024756
C1=C2C3CCCCC3CCC2C2CCC3CCCCC3C2C1,5,0.8555293230024756
c1cnccn1,5,0.8555293230024756
C1CCC(OC2CCCOC2)OC1,5,0.8555293230024756
C1C2CC3CC1CC(C2)C3,5,0.8555293230024756
c1ccc(C2OCc3ccccc32)cc1,5,0.8555293230024756
O=C(Nc1ncccn1)NS(=O)(=O)c1ccccn1,5,0.8555293230024756
O=c1cc2occc3c(OC4CCCCO4)c(-c4ccccc4)oc(c1)c23,5,0.8555293230024756
O=C1CCC2C(CCC3C4CCCC4CCC23)C1,5,0.8555293230024756
O=S(=O)(c1cccc(-c2nc(=S)c3[nH]ncc3[nH]2)c1)N1CCNCC1,5,0.8555293230024756
O=C(Cc1ccccc1)c1c[nH]c2ccccc12,5,0.8555293230024756
O=C1C=CC2C(=C1)CCC1C2CCC2C1CC1OCOC12,5,0.8555293230024756
C1=C2c3cccc4[nH]cc(c34)CC2NCC1,5,0.8555293230024756
O=C(c1ccccc1)c1c[nH]c2ccccc12,5,0.8555293230024756
O=C(C=Cc1ccccc1)OCC1CCCC(Oc2cc3oc(-c4ccccc4)cc(=O)c3cc2C2CCCCO2)O1,5,0.8555293230024756
O=c1[nH]c(-c2cccc(S(=O)(=O)N3CCNCC3)c2)nc2cn[nH]c12,5,0.8555293230024756
C(=C(c1ccccc1)c1ccccc1)c1ccccc1,4,0.8795051323147839
c1ccc(N2CCNCC2)cc1,4,0.8795051323147839
c1ccc(CNc2ccccn2)cc1,4,0.8795051323147839
O=C(NCC1CCCN1)c1ccccc1,4,0.8795051323147839
O=c1cccnn1-c1ccccc1,4,0.8795051323147839
O=S(=O)(c1ccccc1)c1ccccc1,4,0.8795051323147839
O=c1[nH]cnc2[nH]cnc12,4,0.8795051323147839
O=c1ccs[nH]1,4,0.8795051323147839
O=C(c1c[nH]c(-c2ccccc2)c1)c1cccc2ccccc12,4,0.8795051323147839
O=C1CCC2C1CCC1c3ccccc3CCC12,4,0.8795051323147839
c1ccc2c(c1)cnn2CC1CCCCC1,4,0.8795051323147839
O=C1C=C2CCC3C4CCC(=O)C4CCC3C2CC1,4,0.8795051323147839
C=C1CCC2CCCCC2C1CC1C=CCC2C(=O)C=CC(=O)C12c1cc(=O)c2ccccc2o1,4,0.8795051323147839
O=C1NCC(=O)N2C1Cc1c([nH]c3ccccc13)C2c1ccc2c(c1)OCO2,4,0.8795051323147839
O=c1cc(-c2ccccc2)oc2cc(OC3CCCCO3)ccc12,4,0.8795051323147839
c1ccc(CCN2CCC(Nc3ccccc3)CC2)cc1,4,0.8795051323147839
c1ccc2c(c1)[nH]c1ccccc12,4,0.8795051323147839
c1ccc(Cn2ncc3ccccc32)cc1,4,0.8795051323147839
c1ccc2c(c1)CCC2,4,0.8795051323147839
O=C(CN1CCNCC1)c1cccc(-c2nc3cn[nH]c3c(=O)[nH]2)c1,4,0.8795051323147839
O=S(=O)(Nc1ccncn1)c1ccccc1,4,0.8795051323147839
C1=Cc2ccccc2Nc2ccccc21,4,0.8795051323147839
c1ccc(Cc2cncnc2)cc1,4,0.8795051323147839
c1nc[nH]n1,4,0.8795051323147839
O=S(Cc1ccccn1)c1nc2ccccc2[nH]1,4,0.8795051323147839
O=S(=O)(Nc1ccon1)c1ccccc1,4,0.8795051323147839
O=C(c1c[nH]c2ccccc12)C1CC1,4,0.8795051323147839
O=C1CC(c2ccccc2)Oc2c1cccc2C1C(=O)c2ccccc2OC1c1ccccc1,4,0.8795051323147839
O=C1CC2CCC=C3C(=O)C=CC3C2O1,4,0.8795051323147839
C1COCCN1,4,0.8795051323147839
O=C1NC(=O)c2ccccc21,4,0.8795051323147839
O=c1nccc[nH]1,4,0.8795051323147839
O=C1C=CC(=O)c2ccccc21,4,0.8795051323147839
C=C1C(=O)OC2C3C=CC(=O)C3=CCCC12,4,0.8795051323147839
O=C(CCCN1CCC(c2ccccc2)CC1)c1ccccc1,4,0.8795051323147839
c1ccc2c3c([nH]c2c1)C1CC2CCC1N(CC3)C2,4,0.8795051323147839
O=C1CCCO1,4,0.8795051323147839
O=C(CN1CCCC1)c1ccccc1,4,0.8795051323147839
O=c1ccn(C2CCC(CO[PH](=O)O[PH](=O)OC3CCCCO3)O2)c(=O)[nH]1,4,0.8795051323147839
c1ncc(C[n+]2ccsc2)cn1,4,0.8795051323147839
c1ccc(C2=NCc3nncn3-c3sccc32)cc1,4,0.8795051323147839
O=C(Cc1ccccc1)NC1C(=O)N2CCSC12,4,0.8795051323147839
C(=Cc1cccc(OC2CCCCO2)c1)c1ccccc1,4,0.8795051323147839
c1nncs1,4,0.8795051323147839
O=c1c(OC2CCCC(COC3CCCCO3)O2)c(-c2ccccc2)oc2ccccc12,4,0.8795051323147839
O=C1C=CC2C(=O)C3=Cc4ccccc4CC3CC2C1,4,0.8795051323147839
c1ccc2c(c1)CC1NCCc3cccc-2c31,4,0.8795051323147839
c1cc[nH]c1,3,0.9088491513636503
O=c1oc2cc(OC3CCCCO3)ccc2c2ccccc12,3,0.9088491513636503
O=c1oc2ccccc2cc1Cc1ccccc1,3,0.9088491513636503
C(=CC=CC=CC=CC=CC1=CCCCC1)C=CC=CC=CC=CC1=CCCCC1,3,0.9088491513636503
O=C(Nc1ccccc1)NC1CCCCC1,3,0.9088491513636503
c1ccc(CCNCCc2ccccc2)cc1,3,0.9088491513636503
O=C1CC(c2ccccc2)Oc2cc(OC3CCCC(COC4CCCCO4)O3)ccc21,3,0.9088491513636503
O=C1NCC(=O)N2CCCC12,3,0.9088491513636503
C1CC1,3,0.9088491513636503
O=C1CC(c2ccccc2)Sc2ccccc2N1,3,0.9088491513636503
c1ccc(CCCCNCCc2ccccc2)cc1,3,0.9088491513636503
C1=CC2c3ccccc3OCC2CC1,3,0.9088491513636503
c1ccc(CC2=NCCN2)cc1,3,0.9088491513636503
c1ccc(CCc2ccccc2)cc1,3,0.9088491513636503
O=C(Nc1ccccc1)C1CCCCN1,3,0.9088491513636503
O=C1CC(=O)N(c2ccccc2)N1c1ccccc1,3,0.9088491513636503
c1ccc2c(c1)CCC1C2CCC2CCCC21,3,0.9088491513636503
c1ncnc(NC2CC2)n1,3,0.9088491513636503
O=C1NCCN1,3,0.9088491513636503
O=C1C=CC2C(CCC3C4CCCC4CCC23)C1,3,0.9088491513636503
O=C1CCC2C1CCC1C3CCCCC3CCC21,3,0.9088491513636503
C(=Cn1cncn1)c1ccccc1,3,0.9088491513636503
c1ccc(CN2CCc3sccc3C2)cc1,3,0.9088491513636503
O=C(Nc1ccccc1)Nc1ccccc1,3,0.9088491513636503
O=C(CN1CCCC1)c1ccc2c(c1)OCO2,3,0.9088491513636503
O=C1CC2C(=CC3C2C=CC2CC(OC4CCCCO4)CC23)C(=O)CC(OC2CCCCO2)CCCCO1,3,0.9088491513636503
O=C1CN=C(c2ccccn2)N1,3,0.9088491513636503
c1ccc(N=Nc2cccc3ccccc23)cc1,3,0.9088491513636503
O=C(NNC(=O)c1ccccc1)c1ccccc1,3,0.9088491513636503
c1ccc(CCNCc2ccccc2)cc1,3,0.9088491513636503
O=C(CCc1ccccc1)c1ccccc1,3,0.9088491513636503
c1ccc(C2CCCc3ccccc32)cc1,3,0.9088491513636503
c1ccc2occc2c1,3,0.9088491513636503
O=C1OC2CC(CC=CC(OC3CCC(OC4CCCCO4)CO3)CC=CC=C3COC4CC=CC1C34)OC1(C=CCCO1)C2,3,0.9088491513636503
O=c1ocnn1-c1ccccc1,3,0.9088491513636503
O=c1[nH]cnc2nccnc12,3,0.9088491513636503
O=C1CCC(c2cccnc2)N1,3,0.9088491513636503
O=C(OC1CC2CCC(C1)N2)c1ccccc1,3,0.9088491513636503
O=S(=O)(Nc1cccnn1)c1ccccc1,3,0.9088491513636503
O=C1CCNC(=O)N1,3,0.9088491513636503
O=c1cc[nH]c2ccccc12,3,0.9088491513636503
C1=NCCN1Cc1cccnc1,3,0.9088491513636503
c1ccc(NC2CCNCC2)cc1,3,0.9088491513636503
O=C1C=C2CCCCC2C2CCC3CCCC3C12,3,0.9088491513636503
O=c1ccnc[nH]1,3,0.9088491513636503
O=c1[nH]cnc2nc[nH]c12,3,0.9088491513636503
c1cn(C2CCCO2)cn1,3,0.9088491513636503
c1ccc(-n2nc3ccccc3n2)cc1,3,0.9088491513636503
O=C(Cc1ccccc1)NC1C(=O)N2C=CCSC12,3,0.9088491513636503
c1ccc2c(c1)CCc1cccnc1C2=C1CCNCC1,3,0.9088491513636503
c1ccc(Oc2cnc3ccccc3n2)cc1,3,0.9088491513636503
S=[PH](Oc1ccccc1)c1ccccc1,3,0.9088491513636503
O=c1cnnc[nH]1,3,0.9088491513636503
C=C1COC(=O)C12CC1CCCCC1C2,3,0.9088491513636503
c1cc2c3c(c1)OC1CCCC4C(C2)NCCC314,3,0.9088491513636503
c1ccc2c(c1)N=C(N1CCNCC1)c1ccccc1S2,3,0.9088491513636503
c1ccc(Nc2ccccn2)cc1,3,0.9088491513636503
c1ccc(CCCNCCc2ccccc2)cc1,3,0.9088491513636503
O=C1CCCCOC(=O)CC(OC2CCCCO2)CC(OC2CCCCO2)CCC1,3,0.9088491513636503
c1ccc2c(c1)CC1NCCc3cc4c(c-2c31)OCO4,3,0.9088491513636503
O=c1cc(-c2ccccc2)oc2c(C3CCCCO3)cc(C3CCCCO3)cc12,3,0.9088491513636503
C(CCN1CCNCC1)=C1c2ccccc2Sc2ccccc21,3,0.9088491513636503
O=C(C=Cc1ccccc1)OC1CCCCC1,3,0.9088491513636503
O=C1NC(=O)C2CC=CCC12,3,0.9088491513636503
O=C1Nc2ccccc2C12CC1NCC3CC2OCC31,3,0.9088491513636503
O=C1CCCC(=O)C1C(=O)c1ccccc1,3,0.9088491513636503
O=C1CCCCO1,3,0.9088491513636503
c1ccc(-c2[o+]c3cccc(OC4CCCCO4)c3cc2OC2CCCCO2)cc1,3,0.9088491513636503
C=C1CCCC(=O)OCC2=CC[NH+]3CCC(OC1=O)C23,3,0.9088491513636503
O=C(OCC12CCCC34C5CC6CCC(C5C6)C(CC13)C4NC2)c1ccccc1,3,0.9088491513636503
c1ccc(C2(Cn3cncn3)OCCO2)cc1,3,0.9088491513636503
O=C1C=CC2C1CC1OC1C1C3CC3CCC21,3,0.9088491513636503
c1ccc2c(c1)Cc1cccnc1N1CCNCC21,3,0.9088491513636503
C=C1c2ccccc2COc2ccccc21,3,0.9088491513636503
O=C1C2=CC3CC4COC(C3=O)C24Oc2cc3c(cc21)C=CCO3,3,0.9088491513636503
C1CCC(OC2CCCO2)OC1,3,0.9088491513636503
C(=NOCc1ccccc1)c1ccccc1,2,0.9466801716388252
c1ccc2[nH]c(-c3cscn3)nc2c1,2,0.9466801716388252
O=c1[nH]cnn1-c1ccccc1,2,0.9466801716388252
O=C1CC2OCC=C3CN4CCC56c7ccccc7N1C5C2C3CC46,2,0.9466801716388252
c1ccc(-c2nnc(-c3ccccc3)nn2)cc1,2,0.9466801716388252
c1ccc2c(c1)Cc1ccccc1N1CCNCC21,2,0.9466801716388252
c1ccc(C2CC2)cc1,2,0.9466801716388252
O=C(Cc1ccccc1)OCc1cccc(Oc2ccccc2)c1,2,0.9466801716388252
O=C1CC(c2ccccc2)Oc2cc3c(cc21)C(C(=O)c1ccccc1)C(c1ccccc1)O3,2,0.9466801716388252
c1cc2c3c(c1)ccc1cc4c(c(c13)CO2)OCO4,2,0.9466801716388252
c1cc2cc(c1)-c1cccc(c1)CC1NCCc3ccc4c(c31)Oc1cc3c(cc1O4)CCNC3C2,2,0.9466801716388252
c1cc2c3c(c1)Oc1ccc(cc1)CC1NCCc4cccc(c41)Oc1ccc(cc1)CC3NCC2,2,0.9466801716388252
O=C(NC12CC3CC(CC(C3)C1)C2)c1c[nH]c2ccccc12,2,0.9466801716388252
c1ccc(N=Nc2ccccc2)cc1,2,0.9466801716388252
O=C1C=C2CC3CCCCC3CC2O1,2,0.9466801716388252
c1cnc(Oc2cccc(Oc3ncccn3)c2)nc1,2,0.9466801716388252
c1ccc(NCc2cccs2)cc1,2,0.9466801716388252
c1ccc2c(c1)Sc1ccccc1N2CCC1CCCCN1,2,0.9466801716388252
O=C1OC2CC(CC=CC(OC3CCC(OC4CCCCO4)CO3)CC=CC=C3COC4CC=CC1C34)OC1(CCCCO1)C2,2,0.9466801716388252
C=C1C2C=CCC1c1ccc(=O)[nH]c1C2,2,0.9466801716388252
O=S(=O)(Nc1ccccc1)c1nc2ncccn2n1,2,0.9466801716388252
N=C1CNC(c2ccccc2)=c2ccccc2=N1,2,0.9466801716388252
O=S(=O)(Oc1ccccc1)c1ccccc1,2,0.9466801716388252
c1ccc(Nc2ncncn2)cc1,2,0.9466801716388252
O=C1CC2CCNCC2Cc2c1[nH]c1ccccc21,2,0.9466801716388252
c1ccc(CC2CCCC2Cn2cncn2)cc1,2,0.9466801716388252
O=C(NC1C(=O)N2CCSC12)c1conc1-c1ccccc1,2,0.9466801716388252
O=C(NCc1ccccc1)c1ccccc1,2,0.9466801716388252
O=C1CCCC2CC3CCCC4CCCC(N12)N43,2,0.9466801716388252
O=C1CC2CCCCC2C2CCC3CCCC3C12,2,0.9466801716388252
c1ccc(C2CCCC2)cc1,2,0.9466801716388252
O=C1C=CCC1,2,0.9466801716388252
C=C1C(=O)C23CCC4CCCCC4C2CCC1C3,2,0.9466801716388252
O=C1CCC2C(CC=C3C4CCCC4CCC32)C1,2,0.9466801716388252
O=C1CCC2C(C1)CC(=O)C1C3CCCC3C(=O)CC21,2,0.9466801716388252
C=C1CC23CCC4CCCCC4C2CCC1C3,2,0.9466801716388252
c1ccc2c(c1)Sc1ccccc1N2CCCN1CCCCC1,2,0.9466801716388252
c1ccc(C2CNCCO2)cc1,2,0.9466801716388252
O=C1CCC2=CCC3C4CCCC4CC(=O)C3C2C1,2,0.9466801716388252
O=C1C=CC2C(=CCC3C4CCCC4CC(=O)C23)C1,2,0.9466801716388252
c1ccc(CC2NCCc3ccccc32)cc1,2,0.9466801716388252
C1=CC23CCC4CCCCC4C2CCC1C3,2,0.9466801716388252
O=C1C=C2CCC3C4CCCC4CC(=O)C3C2CC1,2,0.9466801716388252
O=C(C=Cc1ccccc1)OC1CC2CCC1C2,2,0.9466801716388252
O=c1cc[nH]cc1,2,0.9466801716388252
c1ccc2nccnc2c1,2,0.9466801716388252
O=C(c1ccccc1)C1CC=CCC1c1ccccc1,2,0.9466801716388252
O=c1[nH]ncs1,2,0.9466801716388252
c1ccc(CCOCc2cccc(Oc3ccccc3)c2)cc1,2,0.9466801716388252
O=c1cc[nH]cn1,2,0.9466801716388252
c1ccc(C(c2ccccc2)c2cncnc2)cc1,2,0.9466801716388252
c1cc2cc(c1)Oc1cccc3c1C(Cc1ccccc1Oc1ccc4c(c1)C(C2)NCC4)NCC3,2,0.9466801716388252
O=C(Nc1cccc2ccccc12)c1c[nH]c2ccccc12,2,0.9466801716388252
O=C1OC2(C=C1c1ccccc1)CCCCC2,2,0.9466801716388252
O=C1CN=C(c2ccccn2)c2ccccc2N1,2,0.9466801716388252
O=C(Oc1cccc2cccnc12)c1n[nH]c2ccccc12,2,0.9466801716388252
O=c1[nH]nnc2ccccc12,2,0.9466801716388252
O=C(Cc1ccccc1)OC1CC2[NH2+]C(C1)C1OC21,2,0.9466801716388252
c1ccc(C2CC3CCC2C3)cc1,2,0.9466801716388252
O=C1CCC2C1CCC1C3CCCCC3=CCC21,2,0.9466801716388252
C(=CC=CC=CC=CC=CC1C=CCCC1)C=CC=CC=CC=CC1=CCCCC1,2,0.9466801716388252
O=C(Oc1cccc2cccnc12)c1c[nH]c2ccccc12,2,0.9466801716388252
O=c1[nH]c(-c2ccccc2)nc2cn[nH]c12,2,0.9466801716388252
O=C1Nc2ccccc2Nc2ccccc21,2,0.9466801716388252
O=C1c2ccccc2C(=O)C1C(=O)C(c1ccccc1)c1ccccc1,2,0.9466801716388252
O=C1NC(=O)C(c2ccccc2)(c2ccccc2)N1,2,0.9466801716388252
C(CN1CCCC1)=C(c1ccccc1)c1ccccn1,2,0.9466801716388252
O=C(C=Cc1ccccc1)OCC(CCc1ccccc1)Cc1ccccc1,2,0.9466801716388252
O=C(Nc1ccccc1)c1ccoc1,2,0.9466801716388252
O=C1Cc2ccccc2N1,2,0.9466801716388252
O=C1C=C(C2CCC3C2CCC2C4CC5OC6C(OCCC67NCCS7)OC5CC4CCC23)CO1,2,0.9466801716388252
O=C(CCCC1CCCCO1)CC1CCCC2(C=CCC3(CCC(C4CCCCO4)O3)O2)O1,2,0.9466801716388252
O=c1ccn(-c2ccccc2)c2cc(N3CCNCC3)ccc12,2,0.9466801716388252
O=C1OC(C2NCCc3cc4c(cc32)OCO4)c2ccccc21,2,0.9466801716388252
O=C1C=C(C2CCC3C2CCC2C4CC5OC6C(OCCC67N=CCS7)OC5CC4CCC23)CO1,2,0.9466801716388252
c1ccc2c(c1)NC1C3CC4CC[NH+]3C3CC21CC43,2,0.9466801716388252
c1ccc(C(CCN2CCCCC2)c2ccccc2)cc1,2,0.9466801716388252
c1ccc(C(c2ccccc2)C2CCCCN2)cc1,2,0.9466801716388252
c1cc2ccc3cccc4ccc(c1)c2c34,2,0.9466801716388252
O=C1C=CC(=O)C2(c3cc(=O)c4ccccc4o3)C(CC3CCCC4CCCCC43)C=CCC12,2,0.9466801716388252
O=[PH](Oc1ccccc1)Oc1ccccc1,2,0.9466801716388252
O=C(Cc1ccccc1)OC1CC2CCC(C1)N2,2,0.9466801716388252
c1ccc(CCCCN2CCC(C(c3ccccc3)c3ccccc3)CC2)cc1,2,0.9466801716388252
O=C1CN=C(C2=CCCCC2)c2ccccc2N1,2,0.9466801716388252
O=C1C=COC2=CCCCC12,2,0.9466801716388252
O=C(c1ccccc1)C(c1coc2ccccc2c1=O)C(c1ccccc1)c1ccccc1,2,0.9466801716388252
C1CCC(OC2CCOC(OC3CCOC(OC4CCCOC4)C3)C2)OC1,2,0.9466801716388252
c1ccc(Cc2ccc(OCC3CO3)cc2)cc1,2,0.9466801716388252
O=C(CNCCCc1ccccc1)N1CCCC1,2,0.9466801716388252
c1ccc(Cc2nccc3ccccc23)cc1,2,0.9466801716388252
O=C(NC12CC3CC(CC(C3)C1)C2)c1n[nH]c2ccccc12,2,0.9466801716388252
c1ccc2c(c1)C1CCC2c2ccccc21,2,0.9466801716388252
O=C1COc2ccccc2N1,2,0.9466801716388252
c1ccc2c(c1)ccn2CC1CCCCC1,2,0.9466801716388252
c1ccc(C2=NCc3cncn3-c3ccccc32)cc1,2,0.9466801716388252
c1ncc2nc[nH]c2n1,2,0.9466801716388252
C=C(c1ccccc1)c1ccccc1,2,0.9466801716388252
c1ccc(C2CCNCC2)cc1,2,0.9466801716388252
O=C(Nc1ncccn1)NS(=O)(=O)c1cnc2ccccn12,2,0.9466801716388252
S=c1nc[nH]c2nc[nH]c12,2,0.9466801716388252
O=c1[nH]c2ccccc2s1,2,0.9466801716388252
c1ccc2nc3ccccc3nc2c1,2,0.9466801716388252
c1ccc(CNC2CCCCC2)cc1,2,0.9466801716388252
O=c1c(CCN2CCC(c3noc4ccccc34)CC2)cnc2n1CCCC2,2,0.9466801716388252
c1ccc2c(c1)[nH]c1cnccc12,2,0.9466801716388252
O=c1nc[nH]c(=O)[nH]1,2,0.9466801716388252
O=C1C=CC2C(=C1)CCC1C3CCCC3CC(=O)C21,2,0.9466801716388252
C1=C2C3CCCCC3CCC2C2CCC3CC(OC4OCC(OC5CCCCO5)CC4OC4CC(OC5CCCCO5)CCO4)CCC3C2C1,2,0.9466801716388252
C1=CC2C3Cc4cccc5c4C2(CCN3)C(O5)C1OC1CCCCO1,2,0.9466801716388252
O=C(Nc1cccc2ccccc12)c1n[nH]c2ccccc12,2,0.9466801716388252
c1ccc2c(c1)Nc1ncccc1S2,2,0.9466801716388252
C1=CC2C=CC2C1,2,0.9466801716388252
O=C(OC1Cc2ccccc2OC1c1ccccc1)c1ccccc1,2,0.9466801716388252
O=C(c1cccc2ccccc12)c1cn(CCN2CCOCC2)c2ccccc12,2,0.9466801716388252
c1ccc(C(c2ccccc2)c2ccccc2)cc1,2,0.9466801716388252
O=S(=O)(Nc1ccno1)c1ccccc1,2,0.9466801716388252
O=c1nc[nH]c2[nH]cnc12,2,0.9466801716388252
c1ccc(NC2=NCCN2)cc1,2,0.9466801716388252
c1ccc(C2CCN(CCC(c3ccccc3)c3ccccc3)CC2)cc1,2,0.9466801716388252
O=C1C=C2CCC3C(CCC4C3CC3OCOC34)C2CC1,2,0.9466801716388252
c1ccc(Nc2ccnc3ccccc23)cc1,2,0.9466801716388252
c1ccc2cnccc2c1,2,0.9466801716388252
O=C1CCC(c2ccccc2)C(=O)N1,2,0.9466801716388252
c1ccc(-c2nc3ccccc3[nH]2)cc1,2,0.9466801716388252
c1ccc2c(c1)CCCC2,2,0.9466801716388252
c1ccc(-c2ccnn2-c2ccccc2)cc1,2,0.9466801716388252
C1=CC2CCCN2C1,2,0.9466801716388252
c1ccc(-c2nn[nH]n2)c(-c2ccc(Cn3ccnc3)cc2)c1,2,0.9466801716388252
C1=CC2CCC[NH+]2C1,2,0.9466801716388252
O=C(Nc1ccccc1-c1ccccc1)c1cn[nH]c1,2,0.9466801716388252
O=C(c1ccccc1)c1ccc2nc[nH]c2c1,2,0.9466801716388252
c1ccc(COC(Cn2ccnc2)c2ccccc2)cc1,2,0.9466801716388252
C1CCC(NC2CCCCC2)CC1,2,0.9466801716388252
O=C(NCC1CCC[NH2+]1)c1ccccc1,2,0.9466801716388252
c1ccc(C2=NCCNc3ccccc32)cc1,2,0.9466801716388252
c1ccc(OCn2cncn2)cc1,2,0.9466801716388252
c1ccc(Oc2cc(Oc3ccccc3)ncn2)cc1,2,0.9466801716388252
O=C1C=C2C=CC3C4CCCC4CCC3C2CC1,2,0.9466801716388252
O=c1[nH]c(=O)c2ncn(C3CCCO3)c2[nH]1,2,0.9466801716388252
O=c1[nH]c2ccccc2o1,2,0.9466801716388252
O=C1C=CCO1,2,0.9466801716388252
c1ccc(C2Cc3ccccc3O2)cc1,2,0.9466801716388252
O=c1cc(-c2ccccc2)oc2cc(OC3OCCCC3OC3CCCCO3)c(C3CCCCO3)cc12,2,0.9466801716388252
O=c1[nH]cnnc1-c1ccccc1,2,0.9466801716388252
C(=Cc1cccs1)C1=NCCCN1,2,0.9466801716388252
O=C1CCCC1,2,0.9466801716388252
C1CC[NH2+]CC1,2,0.9466801716388252
O=c1nc2[nH]c3ccccc3nc-2c(=O)[nH]1,2,0.9466801716388252
C1=C2CCCCC2C2CCC3CCCC3C2=C1,2,0.9466801716388252
O=c1cnn(-c2ccc(Cc3ccccc3)cc2)c(=O)[nH]1,2,0.9466801716388252
O=S(=O)(Nc1cnccn1)c1ccccc1,2,0.9466801716388252
N=C1SCCN1Cc1cccnc1,2,0.9466801716388252
O=C1C=C2CCC3C(=C2CC1)C=CC1CCCC13,2,0.9466801716388252
O=C(Nc1ccccc1)Oc1ccccc1,2,0.9466801716388252
c1ccc(-c2[o+]c3ccccc3cc2OC2CCCC(COC3CCCCO3)O2)cc1,2,0.9466801716388252
O=C(C=Cc1ccccc1)c1ccccc1,2,0.9466801716388252
C=C1C(=O)OC2C3C=CC(=O)C3=CCC(OC(=O)Cc3ccccc3)C12,2,0.9466801716388252
c1ccc2c(CC3CC4CCN3CC4)ccnc2c1,2,0.9466801716388252
C1CCC2C(C1)CCC1C2CCC2C3CCCC3CCC21,2,0.9466801716388252
O=C(OCc1ccccc1)c1ccccc1,2,0.9466801716388252
O=c1cc[nH]c(=S)[nH]1,2,0.9466801716388252
c1cncc(C2CCCN2)c1,2,0.9466801716388252
O=c1[nH]cnc2c1N=CCN2,2,0.9466801716388252
O=C(C1CCCN1)N1CCCC1,2,0.9466801716388252
O=C(NCc1ccccc1)c1c[nH]c2ccccc12,2,0.9466801716388252
O=c1nc[nH]c2nc[nH]c12,2,0.9466801716388252
O=C1CCCC(CCC2CC=CC3=CCCCC32)O1,2,0.9466801716388252
c1ccc(CCCCc2ccccc2)cc1,2,0.9466801716388252
N=C1NCOCN1Cc1cncs1,2,0.9466801716388252
C=C1C(=O)OC2C1CCC(=C)C1CCC(=C)C12,2,0.9466801716388252
O=c1[nH]c(-c2cccc(S(=O)(=O)N3CCNCC3)c2)nn2cncc12,2,0.9466801716388252
O=C(C=Cc1ccccc1)OCCc1ccccc1,2,0.9466801716388252
O=c1c(OC2CCCC(COC3CCCCO3)O2)c(-c2ccccc2)oc2cc(OC3CCCCO3)ccc12,2,0.9466801716388252
O=C(C=Cc1ccccc1)OC1CCC(OC2CCCOC2c2ccc3oc(-c4ccccc4)cc(=O)c3c2)OC1,2,0.9466801716388252
c1ccc(C2CCC2)cc1,2,0.9466801716388252
O=c1cc(-c2ccccc2)oc2ccc(C3OCCCC3OC3CCCCO3)cc12,2,0.9466801716388252
O=C(c1ccccc1)c1coc2ccccc12,2,0.9466801716388252
c1ccc2c(c1)N=C(N1CCNCC1)c1ccccc1N2,2,0.9466801716388252
O=C1CCCCC1c1ccccc1,2,0.9466801716388252
C=C1CCCC(=O)OCC2=CCN3CCC(OC1=O)C23,2,0.9466801716388252
C=C1c2ccccc2CCc2ccccc21,2,0.9466801716388252
c1ccc(CN2CCNCC2)cc1,2,0.9466801716388252
O=c1cc(-c2ccccc2)oc2c(C3CCCCO3)cccc12,2,0.9466801716388252
O=C(C=Cc1ccccc1)OCC1CCCC(Oc2ccc3c(=O)cc(-c4ccccc4)oc3c2)O1,2,0.9466801716388252
c1cc[n+](C2CCCO2)cc1,2,0.9466801716388252
c1ccc(Nc2ncccn2)cc1,2,0.9466801716388252
O=C(Oc1cccc2ccccc12)c1n[nH]c2ccccc12,2,0.9466801716388252
c1ccc(-c2ccccc2-c2nn[nH]n2)cc1,2,0.9466801716388252
O=c1c(-c2ccccc2)coc2cc(OC3CCCCO3)ccc12,2,0.9466801716388252
C1CSSC1,2,0.9466801716388252
O=c1ccn(C2CC2)c2cc(N3CCNCC3)ccc12,2,0.9466801716388252
O=C(c1ccccc1)n1ccc2ccccc21,2,0.9466801716388252
C1=CCC(c2ccccc2)CC1,2,0.9466801716388252
O=[PH]1NCCCO1,2,0.9466801716388252
O=C1CCCC(=O)C1=CC1CC1,2,0.9466801716388252
c1ccc2c(N=Nc3cccc4ccccc34)cccc2c1,2,0.9466801716388252
c1ccc2c(c1)CCNC2,2,0.9466801716388252
O=c1c(-c2ccc(OC3CCCCO3)cc2)coc2ccccc12,2,0.9466801716388252
O=S(=O)(Nc1nccs1)c1ccccc1,2,0.9466801716388252
c1ccc(CC2CCCCN2)cc1,2,0.9466801716388252
O=c1cccn[nH]1,2,0.9466801716388252
O=C(NCC1CCCCO1)C1CCCN1,2,0.9466801716388252
O=C1CC(c2ccccc2)Oc2cc(OC3OCCCC3OC3CCCCO3)ccc21,2,0.9466801716388252
C=C1CCCCC1=CC=C1CCCC2CCCC12,2,0.9466801716388252
O=C1OCC(Cc2ccccc2)C1Cc1ccccc1,2,0.9466801716388252
c1ccc2c(c1)CCCO2,2,0.9466801716388252
c1ccc(CCCN2CCOCC2)cc1,2,0.9466801716388252
O=C1CC(c2ccccc2)Oc2cc(OC3CCCCO3)ccc21,2,0.9466801716388252
O=C1CCC(Cc2cccc(OC3CCCCO3)c2)O1,2,0.9466801716388252
O=C(c1cccc2ccccc12)c1n[nH]c2ccccc12,2,0.9466801716388252
c1ccc2c(c1)c1c3n2CCC2CCCN(CC1)C32,1,1.0
O=C(Cn1cnnn1)NC1C(=O)N2C=C(CSc3nncs3)CSC12,1,1.0
C=C1c2ccccc2CSc2ccccc21,1,1.0
O=C(Cc1cccs1)NC1C(=O)N2C=C(C[n+]3ccccc3)CSC12,1,1.0
C=C1c2ccccc2Sc2ccccc21,1,1.0
O=C(NNC(=O)c1ccc2c(c1)CCCO2)c1ccccc1,1,1.0
O=S1(=O)CCCc2ccsc21,1,1.0
O=[PH](Sc1ccccc1)Sc1ccccc1,1,1.0
O=C1C(NCCCc2ccccc2)CCCN2CCCCN12,1,1.0
O=C(c1ccccc1)N1CCC(N2CCN(c3ccccc3)CC2)CC1,1,1.0
O=C1C2=C(CCCC2)C(=O)N1c1ccccc1,1,1.0
O=C1C=CC=CC(COC2CCCCO2)COC(=O)CCCC(OC2CCCCO2)C(CCN2CCCCC2)CC1,1,1.0
O=C(CN1CCN(CC=Cc2ccccc2)CC1)c1cccc(-c2nc3cn[nH]c3c(=O)[nH]2)c1,1,1.0
C(=Cc1ccccc1)CN1CCN(C(c2ccccc2)c2ccccc2)CC1,1,1.0
O=C(c1ccc2[nH]c3ccccc3c2c1)c1cccc2ccccc12,1,1.0
c1cc[n+]2c(c1)-c1cccc[n+]1CC2,1,1.0
c1nc(N2CCCCC2)c2ncnc(N3CCCCC3)c2n1,1,1.0
C1CCC(CC2CCCCC2)CC1,1,1.0
c1ccc(C(OC2CCNCC2)c2ccccc2)cc1,1,1.0
O=C(OC1CC2CCC(C1)[N+]21CCCC1)C(c1ccccc1)c1ccccc1,1,1.0
O=C1NCC(CCN2CCOCC2)C1(c1ccccc1)c1ccccc1,1,1.0
N=C(C(=O)NC1C(=O)N2C=C(CSC(=O)c3ccco3)CSC12)c1cscn1,1,1.0
O=C(CCCN1CC=C(n2c(=O)[nH]c3ccccc32)CC1)c1ccccc1,1,1.0
c1ccc(-c2ccncc2)cc1,1,1.0
c1ccc(C(c2ccccc2)N2CC[NH2+]CC2)cc1,1,1.0
O=C(CNC12CC3CC(CC(C3)C1)C2)N1CCCC1,1,1.0
c1cnc2cc3c(cc2n1)C1CNCC3C1,1,1.0
O=c1[nH]c(-c2cccc(S(=O)(=O)N3CCCCC3)c2)nn2cncc12,1,1.0
c1ccc(CN2CCN(CCOC(c3ccccc3)c3ccccc3)CC2)cc1,1,1.0
O=C(CN1CCNCC1)c1cccc(-c2nn3cncc3c(=O)[nH]2)c1,1,1.0
C1=CC2CCC1C2,1,1.0
O=c1o[nH]cc1N=Nc1ccccc1,1,1.0
O=C1CCS(=O)(=O)C(c2ccccc2)N1,1,1.0
c1ccc(-c2conc2-c2ccccc2)cc1,1,1.0
O=C1NCCN(CC(=O)c2cccc(-c3nc4cn[nH]c4c(=O)[nH]3)c2)C1=O,1,1.0
O=c1[nH]c(-c2cccc(S(=O)(=O)NCCC3CCCN3)c2)nc2cn[nH]c12,1,1.0
N=C(C(=O)NC1C(=O)N2C=C(C[n+]3ccccc3)CSC12)c1cscn1,1,1.0
c1ccc2c3c([nH]c2c1)C(c1ccc2c(c1)OCO2)NCC3,1,1.0
c1ccc(C2CC2Nc2ncnc3c2nnn3C2CCCC2)cc1,1,1.0
c1ccc(C(CC[NH+]2CCOCC2)c2cccs2)cc1,1,1.0
N=C(C(=O)NC1C(=O)N2C=C(C[n+]3cccc4c3CCCC4)CSC12)c1cscn1,1,1.0
O=C1NCCN(C(=O)NC(C(=O)NC2C(=O)N3C=C(CSc4nnn[nH]4)CSC23)c2ccccc2)C1=O,1,1.0
O=C(NN1CCCCCC1)NS(=O)(=O)c1ccccc1,1,1.0
O=C(CCN1CCCCC1)Nc1ccccc1,1,1.0
O=c1cn[nH]c2cc3c(cc12)OCO3,1,1.0
O=c1ccn(C2CC2)c2cc(N3CC4CC3CN4)ccc12,1,1.0
O=c1n(CCCN2CCN(c3ccccc3)CC2)nc2ccccn12,1,1.0
c1ccc(CC2CCCC2)cc1,1,1.0
O=c1[nH]c(-c2cccc(S(=O)(=O)N3CCN(C4CCCC4)CC3)c2)nc2cn[nH]c12,1,1.0
c1cnc2ncnn2c1,1,1.0
O=C1C(=Cc2ccccc2)CCCC1=Cc1ccccc1,1,1.0
O=C1C=CCC(C2CCCSC2)C1,1,1.0
O=C1C=C2CCC3C(=C2CC1)CCC1CCCC13,1,1.0
C1=Cc2ccccc2C(=C2CCNCC2)c2ccccc21,1,1.0
O=C(Nc1ccccn1)c1ccc2[nH]c(CNc3ccccc3)nc2c1,1,1.0
O=C(NCc1ccccc1)Nc1ccccc1,1,1.0
c1ccc(N2CCN(CCc3nnc4n3CCCC4)CC2)cc1,1,1.0
C=C1c2ccccc2C=Cc2ccccc21,1,1.0
c1ccc(CCCOc2cccc3ccccc23)cc1,1,1.0
O=C(NC(CCNS(=O)(=O)c1ccccc1)Cc1ccccc1)OC1COC2OCCC12,1,1.0
O=C(CNCCCc1ccccc1)N1CCC2CCCCC21,1,1.0
S=C1NCNCS1,1,1.0
C1OC2COC3OCOC3C2O1,1,1.0
C1CCC(C2CCCCC2)CC1,1,1.0
O=C(c1ccccc1)c1ccc[nH]1,1,1.0
O=C(NCc1ccc(Oc2ccccc2)cc1)c1ccn[nH]1,1,1.0
O=C1C=CC2C(=C1)CCC1C2CCC2C1CC1OC=NC12,1,1.0
O=C1CNC(c2ccccc2)=c2ccccc2=N1,1,1.0
O=C1CC(CCC2CCCCC2=O)CC(=O)N1,1,1.0
c1ccc(-c2cc(-c3ccccc3)[nH+][nH]2)cc1,1,1.0
C1COCCO1,1,1.0
O=S1(=O)C=CS(=O)(=O)CC1,1,1.0
O=C(NC1CCN(CCCOc2ccccc2)CC1)c1ccccc1,1,1.0
C1=C(Cc2ccccn2)c2ccccc2C1,1,1.0
c1ccc(C(OCCC2CCCN2)c2ccccc2)cc1,1,1.0
c1nsnc1N1CCOCC1,1,1.0
c1cc(NC2=NCCN2)c2nsnc2c1,1,1.0
O=C(OC1C[NH+]2CCC1CC2)C(c1ccccc1)c1ccccc1,1,1.0
O=C1CC(=O)N(c2ccccc2)c2ccccc2N1,1,1.0
O=C(OC1CC2CCC(C1)N2)c1c[nH]c2ccccc12,1,1.0
O=C(Cc1ccccc1)NCc1ccncc1,1,1.0
O=C(NN1CCCCC1)c1ccccc1,1,1.0
c1ccc(C(OCCN2CCCCC2)c2ccccc2)cc1,1,1.0
S=C(Nc1ccccc1)Nc1ccccc1,1,1.0
c1ccc(C(CCN2CCCCC2)C2C3CC4C(C3)C42)cc1,1,1.0
c1ccccc1.c1ccccc1,1,1.0
C1OCC2OC3OCOC3C2O1,1,1.0
O=C1CN=C(c2ccccc2)c2ccsc2N1,1,1.0
O=C(Oc1ccccc1)C1CC2CCC(C1)N2,1,1.0
c1ccc(C(CCN2CCCCC2)C2CCCCC2)cc1,1,1.0
O=c1cccc2c(c1)CCCc1ccccc1-2,1,1.0
C=C(c1ccccc1OCc1ccccc1)n1ccnc1,1,1.0
O=C(NN=Cc1ccccn1)Nc1ccccc1,1,1.0
O=C(NCc1ccccc1)c1n[nH]c2ccccc12,1,1.0
c1ccc(CCNCCC(c2ccccc2)c2ccccc2)cc1,1,1.0
O=C(c1cccc2ccccc12)c1cn2c3c(cccc13)OCC2CN1CCOCC1,1,1.0
O=C1COC(=O)N1c1ccccc1,1,1.0
c1ccc(OCCNCCCOc2cccc3[nH]c4ccccc4c23)cc1,1,1.0
C1CSC1,1,1.0
O=C(NCC1CCCN1)c1ccc2n[nH]nc2c1,1,1.0
O=c1[nH]cnc2[nH]ncc12,1,1.0
O=C(C=CC=Cc1ccccc1)C=Cc1ccccc1,1,1.0
O=C(Nc1ccc(Cc2ccccc2)cc1)c1ccccc1,1,1.0
c1ccc(C(c2ccccc2)N2CCN(c3ncncn3)CC2)cc1,1,1.0
O=C(c1cccc2ccccc12)c1cn(CC2CCCCN2)c2ccccc12,1,1.0
c1ccc(-c2ccc3ccccc3n2)cc1,1,1.0
O=C(c1cccc2ccccc12)c1cn(C2CCCCNC2)c2ccccc12,1,1.0
O=C(c1cn(CC2CCCCN2)c2ccccc12)C12CC3CC(CC(C3)C1)C2,1,1.0
O=S1(=O)NCCc2ccsc21,1,1.0
O=C(c1ccccc1)c1cn(CC2CCCCN2)c2ccccc12,1,1.0
C1=NCC(c2ccccc2)O1,1,1.0
O=C1NC(=O)C(c2ccccc2)C(=O)N1,1,1.0
c1ccc2c(c1)N=C(N1CCNCC1)c1ccccc1O2,1,1.0
O=c1ccc(-c2ccncc2)c[nH]1,1,1.0
c1cc(C2CCCCN2)ccn1,1,1.0
C1=CCC(c2cccnc2)NC1,1,1.0
O=C1CCCC(CCn2cc(C(=O)Nc3ccccc3)c(-c3ccccc3)c2-c2ccccc2)O1,1,1.0
O=C1CCC2C1CCC1C3CCC(OC4CCCCO4)CC3CCC21,1,1.0
O=C(CCOc1ccccc1)Nc1ccccc1,1,1.0
O=C(OC1CCC2C(CCC3C4CCCC4CCC23)C1)C1CCCCO1,1,1.0
c1ccc(C(c2cncnc2)C2CC2)cc1,1,1.0
O=C(NN=C(Cc1ccccc1)c1ccccc1)Nc1ccccc1,1,1.0
c1ccc(CN(CC2=NCCN2)c2ccccc2)cc1,1,1.0
c1ccc2c(c1)[nH]c1ccncc12,1,1.0
O=C(C[NH2+]Cc1ccccc1)Nc1ccccc1,1,1.0
c1ccc(NC2Cc3ccccc3C2)cc1,1,1.0
C1=CCNCC1,1,1.0
O=c1[nH]nnn1CCN1CCC(Nc2ccccc2)CC1,1,1.0
O=c1[nH]c(=O)[nH]c(=O)[nH]1,1,1.0
c1ccc2c(c1)NC1C3CC4CCN3C3CC21CC43,1,1.0
C1CCC(CC2CCCC3(CCC(C4CCC(C5OC(C6CCCCO6)CC5OC5CCCCO5)O4)O3)O2)OC1,1,1.0
O=C1OC(c2ccccc2)c2ccccc21,1,1.0
c1cnc2ccc3[nH]cnc3c2c1,1,1.0
O=C1C=CN2CCOC3=C(N4CCNCC4)C=CC1C32,1,1.0
c1ccc(-c2cnc3nc[nH]c3c2)cc1,1,1.0
O=C(COc1ccccc1)NC1C(=O)N2CCSC12,1,1.0
c1cnc2c(ccc3[nH]cnc32)n1,1,1.0
O=C(c1ccccc1)c1cncnc1,1,1.0
O=c1cn[nH][nH]1,1,1.0
c1ccc2c(C3CCCCC3)cccc2c1,1,1.0
O=C1Nc2cccc3c2C1CC1NCCC=C31,1,1.0
O=C1Cc2cc3n(c(=O)c2CO1)Cc1cc2ccccc2nc1-3,1,1.0
O=c1[nH]c(=O)n(-c2ccc(Oc3ccccc3)cc2)c(=O)[nH]1,1,1.0
O=C(c1ccccc1)c1cccs1,1,1.0
O=C(c1cn(CCN2CCOCC2)c2ccccc12)C1CC1,1,1.0
O=S1(=O)NC(C2CC3C=CC2C3)Nc2ccccc21,1,1.0
O=C(c1cn(CC2CCOCC2)c2ccccc12)C1CC1,1,1.0
O=C(c1cn(CC2CCCCN2)c2ccccc12)C1CC1,1,1.0
O=C(Nc1ccc(Oc2ccccc2)cc1)c1ccccc1,1,1.0
c1ccc(C(c2ccccc2)n2cncn2)cc1,1,1.0
O=C1c2ccccc2CN1c1ccccc1,1,1.0
C1CN2CCC1CC2,1,1.0
O=C1CN(N=Cc2ccc(-c3ccccc3)o2)C(=O)N1,1,1.0
C1=C2CCC3C4CCCC4CCC3C2CCC1,1,1.0
O=C(NC1CCCCC1)NS(=O)(=O)c1ccccc1,1,1.0
O=C1C=C2CCC3C4CCC5(CCC(=O)O5)C4CC4OC43C2CC1,1,1.0
O=C(OC1C2CCC3C4CC5C6CCCC5(C(C2)C31)C4NC6)c1ccccc1,1,1.0
c1ccc(N=Nc2ccc3ccccc3c2)cc1,1,1.0
c1ccc2cc(N=Nc3cccc4ccccc34)ccc2c1,1,1.0
O=C1CCc2ccc(OCCCCN3CCN(c4ccccc4)CC3)cc2N1,1,1.0
c1ccc(Cn2cnc3cncnc32)cc1,1,1.0
O=C1C=CC2C(=C1)CCC1C2CCC2C(OC(=O)c3ccco3)CCC21,1,1.0
c1ccc(C2(c3ccccc3)CCNCC2)cc1,1,1.0
O=C1OCC=C1Cc1ccccc1,1,1.0
O=C(OCc1coc(Cc2ccccc2)c1)C1CC1,1,1.0
C1=CC2CC1CC2C(CCN1CCCCC1)c1ccccc1,1,1.0
c1ccc(C(c2ccccc2)c2ccccn2)cc1,1,1.0
c1ccc(-c2cn3ccccc3n2)cc1,1,1.0
c1cc(OCC2CO2)ccc1Cc1ccc(OCC2CO2)cc1,1,1.0
O=c1oc2ccccc2cc1C1CC(c2ccc(-c3ccccc3)cc2)Cc2ccccc21,1,1.0
O=c1oc2ccccc2cc1C(CCc1ccc(-c2ccccc2)cc1)c1ccccc1,1,1.0
O=C1NC(Cc2ccc3[nH]ccc3c2)CO1,1,1.0
c1cc2cc3occc3cc2o1,1,1.0
C=C(c1ccccc1)c1cccnc1,1,1.0
c1ccc(-c2ccnc3ccnn23)cc1,1,1.0
c1ccc2c3c([nH]c2c1)C1CC2CCCCC2CN1CC3,1,1.0
C(CCN1CCCCC1)=C(c1cccs1)c1cccs1,1,1.0
C1=CCC2=NN=NC2=C1,1,1.0
O=C(c1ccccc1)c1cn(CCN2CCOCC2)c2ccccc12,1,1.0
c1cc2c3c(c1)OC1C4CCC5(CC4)C(C2)N(CC2CC2)CCC315,1,1.0
c1cc2c3c(c1)OC1C4CCC5(CC4)C(C2)NCCC315,1,1.0
O=C1CC2(CCCC2)CC(=O)N1CCCCN1CCN(c2ncccn2)CC1,1,1.0
C=C1C(=O)OC2C1CCCC1CCC(=O)C12,1,1.0
C1CNCCNCCNCCN1,1,1.0
O=C(OCOC(=O)c1cccc2ncn(Cc3ccc(-c4ccccc4-c4nn[nH]n4)cc3)c12)OC1CCCCC1,1,1.0
C1=CC(c2ccccc2)CCC1,1,1.0
c1ccc2c(c1)COc1ccccc1-2,1,1.0
O=C1C=C2C=CC3C(CCC4C3CCC43CCC(=O)O3)C2CC1,1,1.0
S=C(c1cccc(-c2nc(=S)c3[nH]ncc3[nH]2)c1)N1CCNCC1,1,1.0
O=C(Nc1ccccc1)C1=COCCS1(=O)=O,1,1.0
O=C1CCc2ccccc2N1,1,1.0
O=S1(=O)N=C(CSCc2ccccc2)Nc2ccccc21,1,1.0
O=C(OC1c2nccnc2C(=O)N1c1ccccn1)N1CCNCC1,1,1.0
c1ccc2c(c1)Oc1ccccc1C1CNCC21,1,1.0
O=C1N(CCN2CCCCC2)C(=O)C(c2ccccc2)(N2CCCCC2)C(=O)N1CCN1CCCCC1,1,1.0
c1ccc(CCN2CCC(Nc3nc4ccccc4n3Cc3ccccc3)CC2)cc1,1,1.0
c1ccc(CCCCNCc2ccc(-c3ccccn3)cc2)cc1,1,1.0
O=C1C=CC2C(=C1)CCC1C2CCC2C1CC1OC3(CCCC3)OC12,1,1.0
O=C(Nc1ccccc1)C1OC1(C(=O)c1ccccc1)c1ccccc1,1,1.0
O=C(NCc1ncccn1)c1cnc(N2CCCC2)nc1NCc1ccccc1,1,1.0
O=C1C=C2C(CC1)C1CCC3C(C4CC4C34CCC(=O)O4)C1C1CC21,1,1.0
O=C1C=C2CCC3C4C=CCC4CCC3C2CC1,1,1.0
c1ccc(C(c2ccccc2)C2CCNCC2)cc1,1,1.0
C1=CC2C(O1)OC1CC2C2OC12C1CC2OCC3CCCC4(COCC14)C32,1,1.0
O=C1CC(=O)N2c3ccccc3N=CN12,1,1.0
O=C(Nc1ncccn1)NS(=O)(=O)c1[nH]ncc1-c1nn[nH]n1,1,1.0
O=c1[nH]c(=O)c2[nH]c(Cc3ccccc3)nc2[nH]1,1,1.0
c1ccc(CN(c2ccccc2)C2CCNCC2)cc1,1,1.0
N=C1C=C2CCC3C4CCCC4CCC3C2CC1,1,1.0
c1ccc(C[NH2+]CCOCCOc2ccccc2)cc1,1,1.0
O=C(Oc1cccc2cccnc12)c1cn(CC2CCCCC2)c2ccccc12,1,1.0
O=S1(=O)NC(Cc2ccccc2)Nc2ccccc21,1,1.0
O=c1[nH]c2ncncc2nc1CNc1ccccc1,1,1.0
O=C(Oc1ccccc1)c1ccccc1,1,1.0
O=C1C=CC2C(CCC3C4CCCC4CCC23)N1,1,1.0
O=C1C=C2C=CC3C4CCCC4CCC3C2C2CC12,1,1.0
c1ccc2c(c1)NCCO2,1,1.0
O=C(CCCN1CCC(n2c(=O)[nH]c3ccccc32)CC1)c1ccccc1,1,1.0
O=C1CN(N=Cc2ccco2)C(=O)N1,1,1.0
O=S(=O)(SCCCSS(=O)(=O)c1ccccc1)c1ccccc1,1,1.0
O=C1CN=C(c2ccccc2)c2c(sc3c2CCCC3)N1,1,1.0
C1=Cc2ccccc2Sc2ccccc21,1,1.0
c1ccc(C(OC2CC3CCC(C2)N3)c2ccccc2)cc1,1,1.0
O=C1CCC23CCCCCC(CCC2)C13,1,1.0
c1ccc(CN2CCCCC2)cc1,1,1.0
O=S(=O)(CCc1ccc2[nH]cc(CC3CCCN3)c2c1)c1ccccc1,1,1.0
c1ccc2c(c1)N=C1C2CCN2CCCCC12,1,1.0
O=C(NC1CC2CCC1C2)c1cn(CCN2CCOCC2)c2ccccc12,1,1.0
O=C1c2cc[nH]c2CCC1CN1CCOCC1,1,1.0
C1CCC(C2CCC(C3CCC(C4CCC5(CCCCO5)O4)O3)O2)OC1,1,1.0
O=C1CCCC(=O)OC2CCN3CC=C(CO1)C23,1,1.0
O=C1CCCC(=O)OC2CC[NH+]3CC=C(CO1)C23,1,1.0
C1=CC2C3Cc4ccc(OC5CCCCO5)c5c4C2(CCN3)C(C1)O5,1,1.0
C1=CC2CC3c4[nH]c5ccccc5c4CCN3CC2CO1,1,1.0
O=c1ccn(C2CC2)c2cc(N3CC4CCCNC4C3)ccc12,1,1.0
c1ncc(NC2=NCCN2)cn1,1,1.0
C(=Cc1ccccc1)CNCc1cccc2ccccc12,1,1.0
O=C(CNCCCc1ccccc1)N1CCC2CCCC21,1,1.0
c1cc2c3c(c1)OC1CCCC4C(C2)N(CC2CCC2)CCC314,1,1.0
O=c1cc[nH]c2ncccc12,1,1.0
O=C1C=C2CCC3C(CCC4C(OC(=O)CCc5ccccc5)CCC43)C2CC1,1,1.0
c1ccc2[nH]c(-n3cccn3)nc2c1,1,1.0
O=C(CN1CCCC1)c1ccc2ccccc2c1,1,1.0
O=C(CNCCCc1ccccc1)N1CCc2ccccc2C1,1,1.0
O=C(NCCc1ccccc1)C1CCCCC1,1,1.0
c1ccc2c(c1)CCC(CCNCCC1CCc3ccccc3O1)O2,1,1.0
O=C(c1cccc2ccccc12)c1cn(CC2CCCCC2)c2ccccc12,1,1.0
c1ccc2c(c1)CC1CCCNC1C2,1,1.0
O=c1n(CCOc2ccccc2)cnn1CCCN1CCN(c2ccccc2)CC1,1,1.0
c1ccc(C2OCCNCc3ccccc32)cc1,1,1.0
O=C(OCCNCc1ccccc1)C1=CNC=CC1c1ccccc1,1,1.0
C(=Cc1ccc2ccccc2[nH+]1)c1ccn(-c2ccccc2)c1,1,1.0
O=C(Nc1c[nH]n(-c2ccccc2)c1=O)c1cccnc1,1,1.0
C1CCC(CC2CCCC3(CCC(C4CCC(C5CCC(C6CCCCO6)O5)O4)O3)O2)OC1,1,1.0
c1cncc(CSSCc2cccnc2)c1,1,1.0
c1ccc(OCCNc2ccncn2)cc1,1,1.0
O=c1ccnc(NC2CCN(c3nc4ccccc4n3Cc3ccccc3)CC2)[nH]1,1,1.0
c1ccc2c3c([nH]c2c1)C1CCCCN1CC3,1,1.0
O=C1NC(=O)C(Cc2ccc(OCCNc3ccccn3)cc2)S1,1,1.0
O=c1[nH]c(-c2cccc(S(=O)(=O)N3CCNCC3)c2)nc2cc[nH]c12,1,1.0
c1ccc2c(CC3CCCCN3)ccnc2c1,1,1.0
C(=NN=Cc1ccccc1)NN=Cc1ccccc1,1,1.0
O=S(=O)(NCC1CCCO1)c1ccccc1,1,1.0
c1ncn(Cc2ccc3[nH]ccc3c2)n1,1,1.0
C=C1c2ccccc2Cc2ccccc21,1,1.0
O=C(c1c[nH]c2ccccc12)N1CCNCC1,1,1.0
O=C(NCC1CN(c2ccc(N3CCOCC3=O)cc2)C(=O)O1)c1cccs1,1,1.0
O=C(NN1CCCCC1)c1cc(-c2ccccc2)n(-c2ccccc2)n1,1,1.0
C1COC(NC(C2CC2)C2CC2)=N1,1,1.0
c1ccc2c(c1)Sc1ccccc1N2CC1CN2CCC1CC2,1,1.0
S=C1N=CN=C2N=CN=C12,1,1.0
O=C1C=CC=CCCCCCCCCC=COC2Oc3ccc4cc(c5c(nc6ccccn65)c4c3C2=O)N1,1,1.0
O=C1CC2CC(SC3CCNC3)=CN12,1,1.0
O=C1C=CC(=NC(=O)NC2=CN(CCc3ccccc3)NO2)C=C1,1,1.0
c1ncn(C2CCCO2)n1,1,1.0
O=C1NCC(COc2ccccc2)O1,1,1.0
O=c1[nH]c(=O)c2c(ncn2CCCNCCc2ccccc2)[nH]1,1,1.0
O=C(Cc1ccccc1)NCc1ccccc1N1CCCCC1,1,1.0
O=c1c2ccccc2ncn1-c1ccccc1,1,1.0
c1ccc(OC(c2ccccc2)C2CNCCO2)cc1,1,1.0
N=c1[nH]ncs1,1,1.0
c1ccc(NCc2cnc3ncncc3n2)cc1,1,1.0
O=C(Cc1ccccc1)c1cn(CCC2CCCCC2)c2ccccc12,1,1.0
c1ccc2c(c1)Sc1ccccc1C2CC1CCCNC1,1,1.0
O=C1c2ccccc2NCN1c1ccccc1,1,1.0
O=C1NC(=O)C2C3C=CC(C3)C12,1,1.0
c1ccc2c(c1)Cc1ccccc1N1CC[NH2+]CC21,1,1.0
O=C1C=C2CCC3C(=C2CC1)C(c1ccccc1)CC1CCCC13,1,1.0
N=c1cc(N2CCCCC2)nc[nH]1,1,1.0
c1cn(CCN2CCOCC2)cn1,1,1.0
O=C(Oc1cccc2ccccc12)c1c[nH]c2ccccc12,1,1.0
c1ccc(-c2cncnc2)cc1,1,1.0
c1ccc(C2CNCc3ccccc32)cc1,1,1.0
C1CCC2NCCC2C1,1,1.0
c1ccc(CCN2CCC3CC2Cc2ccccc23)cc1,1,1.0
c1ccc(N=Nc2cccnc2)cc1,1,1.0
c1ccc(C2(N3CCCCC3)CCCCC2)cc1,1,1.0
O=C(OC1CCNCC1)C(c1ccccc1)c1ccccc1,1,1.0
O=C1OC(c2ccccc2)(c2ccccc2)c2ccccc21,1,1.0
c1ccc(N(CC2=NCCN2)c2ccccc2)cc1,1,1.0
O=C(CCN1CCCCC1)c1ccccc1,1,1.0
C1=CC2C3Cc4ccc(OCCN5CCOCC5)c5c4C2(CCN3)C(C1)O5,1,1.0
c1ccc2c(c1)NC1NCCC21,1,1.0
O=C1CC(Cc2cnc[nH]2)CO1,1,1.0
O=c1[nH]c2ccccc2n1C1CCN(CCCC(c2ccccc2)c2ccccc2)CC1,1,1.0
c1ccc2c(c1)Cc1ccccc1O2,1,1.0
c1ccc(CCN2CCCC2)cc1,1,1.0
c1cc2c(cc1CN1CCNCC1)OCO2,1,1.0
O=C(CN1CCCCC1)c1cccc(-c2nc3cn[nH]c3c(=O)[nH]2)c1,1,1.0
C=C1NC(=O)C(N2CCCCC2)S1,1,1.0
O=C1CCCC(=O)C1,1,1.0
O=C1Nc2cccnc2N(C(=O)CN2CCNCC2)c2ccccc21,1,1.0
O=C1CC(C2CCCSC2)CC=C1C=NOCCOc1ccccc1,1,1.0
c1ccc(Oc2ccccc2N2CCCC2)cc1,1,1.0
c1ccc(C(CCN2CCC(N3CCCCC3)CC2)c2ccccc2)cc1,1,1.0
c1ccc(C(CCCN2CCCCC2)c2ccccn2)cc1,1,1.0
O=C(Nc1ccccn1)C1=Cc2ccccc2S(=O)(=O)N1,1,1.0
c1ccc(C(CCN2CCCC2)C2CCCCC2)cc1,1,1.0
O=C(c1ccccc1)c1ccc(OCCN2CCCCC2)cc1,1,1.0
c1ccc2c(c1)CCc1sccc1C2=C1CCNCC1,1,1.0
c1nc2c(s1)CCCC2,1,1.0
O=C1CN=C(c2ccccc2)c2ccccc2N1CC1CC1,1,1.0
c1cc2c3c(c[nH]c3c1)CC1NCCCC21,1,1.0
O=c1nc(-c2ccccc2)c2ccccc2[nH]1,1,1.0
C1=Cc2ccccc2Cc2ccccc21,1,1.0
O=S1(=O)c2ccccc2Nc2ccccc21,1,1.0
O=C1CCCCCCCCCCCC2CCCC(CC(OC3CCCCO3)C=CC=CC=CC=CCCC=CC=CCCCCO1)O2,1,1.0
c1cc[n+](COC[n+]2ccccc2)cc1,1,1.0
O=C1OCCC1Nc1ccccc1,1,1.0
c1ccc2c(c1)N=C(N1CCNCC1)c1ccsc1N2,1,1.0
N=C(Cc1cccnc1)c1ccccc1,1,1.0
C1=Cc2ccccc2N(CCCN2CCNCC2)c2ccccc21,1,1.0
O=C(NCCc1ccc(N2CCCCC2)cc1)c1cc2ccccc2[nH]1,1,1.0
O=C1CCO1,1,1.0
O=c1[nH]c2ccccc2n1CCCN1CCN(C(c2ccccc2)c2ccccc2)CC1,1,1.0
O=C(CNCC(=O)NCCc1ccccc1)NCCc1ccccc1,1,1.0
S=C(Nc1ccccn1)Oc1ccccc1,1,1.0
O=C1CN(CC(=O)c2cccc(-c3nc4cn[nH]c4c(=O)[nH]3)c2)CCN1,1,1.0
O=c1cc[nH]c2cc3c(cc12)OCO3,1,1.0
O=C(COc1[nH]ncc1C(=O)c1ccccc1)c1ccccc1,1,1.0
O=C1OC(=O)c2ccccc21,1,1.0
O=C(CCNCCc1ccccc1)c1ccccc1,1,1.0
c1ccc2c(c1)Sc1cccnc1N2CCCN1CCNCC1,1,1.0
c1ccc(N2CCN(CCc3c[nH]c4ccccc34)CC2)cc1,1,1.0
c1ccc(C2=NCc3nncn3-c3ccccc32)nc1,1,1.0
O=C(OCC1=NCCCN1)C(c1ccccc1)C1CCCCC1,1,1.0
C1CCC2C(C1)CCC1C2CC2C3CN4CCCCC4CC3CCC21,1,1.0
O=c1oc2ccccc2c2c1C(c1ccccc1)CCO2,1,1.0
O=C(Nc1cccc2ccccc12)c1c[nH]c2ccncc12,1,1.0
N=C1NC(=O)C(c2ccccc2)O1,1,1.0
c1ccc(-c2cc[nH]n2)cc1,1,1.0
C1=NCC2N=CNC23CCCN13,1,1.0
c1ccc(C2CCN(CCCC(c3ccccc3)c3ccccc3)CC2)cc1,1,1.0
c1ccc2c(c1)CC1CC2CCN1,1,1.0
c1ccc(CN2CCN(C(c3ccccc3)c3ccccc3)CC2)cc1,1,1.0
c1c2c(cc3c1OCO3)CCCC2,1,1.0
C1CC2CCC(C1)N2,1,1.0
O=C(OCc1ccccc1)C1CC1.O=C(OCc1ccccc1)C1CC1,1,1.0
c1ccc([Sn+](c2ccccc2)c2ccccc2)cc1,1,1.0
O=c1[nH]c2ccccc2n1CCN1CCN(c2ccccc2)CC1,1,1.0
O=c1oc2ccccc2cc1C1CC(c2ccc(OCc3ccccc3)cc2)Cc2ccccc21,1,1.0
c1ccc2nc3c(cc2c1)CCCC3,1,1.0
O=S1(=O)CCCCN1c1ccccc1,1,1.0
C1=Cc2ccccc2C1=Cc1ccccc1,1,1.0
O=C1C(CCS(=O)c2ccccc2)C(=O)N(c2ccccc2)N1c1ccccc1,1,1.0
c1ccc(COc2ccncn2)cc1,1,1.0
O=C(Nc1ccc(S(=O)(=O)Nc2nccs2)cc1)c1ccccc1,1,1.0
O=C(CCCN1CCN(c2ccccc2)CC1)c1ccccc1,1,1.0
O=C(NC(=O)c1ccccc1)Nc1cccc(Oc2ccccn2)c1,1,1.0
O=S(=O)(CC1=CCOc2ccccc21)c1ccccc1,1,1.0
O=S(=O)(Nc1ccccn1)c1ccc(N=Nc2ccccc2)cc1,1,1.0
O=C(NC(=O)c1ccccc1)Nc1ccc(CON=C(c2ccccc2)C2CC2)cc1,1,1.0
O=S(=O)(Nc1cnc2ccccc2n1)c1ccccc1,1,1.0
O=C1NCc2cncn2-c2ccccc21,1,1.0
O=c1c(-c2ccccc2)c[nH]cc1-c1ccccc1,1,1.0
O=S(=O)(Nc1ncco1)c1ccccc1,1,1.0
O=C1NCN(c2ccccc2)C12CCN(CCCC(c1ccccc1)c1ccccc1)CC2,1,1.0
O=C(CNc1ccccc1)OCc1cccc(Oc2ccccc2)c1,1,1.0
c1ccc(-c2c[nH]c3ccccc23)cc1,1,1.0
O=C(C[PH](=O)CCCCc1ccccc1)N1CCC(C2CCCCC2)C1,1,1.0
O=C(c1cn(Cc2ccccc2)c2ccccc12)C1CC1,1,1.0
O=C(NC12CC3CC(CC(C3)C1)C2)c1nn(Cc2ccccc2)c2ccccc12,1,1.0
O=C(c1nc2ccccc2[nH]1)c1cccc2ccccc12,1,1.0
O=C(Oc1cccc2cccnc12)c1cn(Cc2ccccc2)c2ccccc12,1,1.0
O=C(NS(=O)(=O)c1ccccc1)c1ccccc1,1,1.0
O=C1OCCN1N=Cc1ccco1,1,1.0
c1coc(C2CNCO2)c1,1,1.0
c1ccc(Sc2ccc(COC(Cn3ccnc3)c3ccccc3)cc2)cc1,1,1.0
O=C1CC(=O)OCC2OC(=O)N(CCCCn3cnc(-c4cccnc4)c3)C2CC(=O)CCCC(OC2CCCCO2)C1,1,1.0
c1c2c(cc3c1OCO3)CCC2,1,1.0
O=C(C1CCCO1)N1CCN(c2ncc3ccccc3n2)CC1,1,1.0
O=c1ncccn1C1CSCO1,1,1.0
O=C(Nc1cccc2cccnc12)c1n[nH]c2ccccc12,1,1.0
O=S1OCC2C3C=CC(C3)C2CO1,1,1.0
O=S1(=O)OCC2C3C=CC(C3)C2CO1,1,1.0
O=S1c2ccccc2N(CCC2CCCCN2)c2ccccc21,1,1.0
C1CC2CCC1O2,1,1.0
O=C(c1ccccc1)c1c[nH]c(=O)[nH]1,1,1.0
O=C(NC1OC2C3CCCN3C(=O)C(Cc3ccccc3)N2C1=O)C1CNC2Cc3c[nH]c4cccc(c34)C2C1,1,1.0
C1CSSSC1,1,1.0
O=C(NC1OC2C3CCCN3C(=O)C(Cc3ccccc3)N2C1=O)C1C=C2c3cccc4[nH]cc(c34)CC2NC1,1,1.0
O=C(Nc1ncccn1)NS(=O)(=O)Oc1ccccc1,1,1.0
c1cncc(C2=NCCS2)c1,1,1.0
C1=CC2Oc3cccc4c3C23CCNC(C4)C3C1,1,1.0
O=C(c1ccco1)N1CCN(c2ncc3ccccc3n2)CC1,1,1.0
O=C(c1n[nH]c2ccccc12)C1CC1,1,1.0
O=C(Oc1cccc2ccccc12)c1cn(Cc2ccccc2)c2ccccc12,1,1.0
O=C(OCCCN1CCOCC1)C1(c2ccccc2)CCOCC1,1,1.0
c1ccc(Sc2ccc3nc[nH]c3c2)cc1,1,1.0
c1ccc(CC[Sn+](CCc2ccccc2)CCc2ccccc2)cc1,1,1.0
c1ccc(CNCCC(c2ccccc2)c2ccccc2)cc1,1,1.0
O=C1CC2CCCC2C2CCC3CCCCC3C12,1,1.0
c1ccc2c(c1)CCCC2C1=NCCN1,1,1.0
O=C(OCN1C(=O)C2=C(CCCC2)C1=O)C1CC1,1,1.0
O=C1C=C2CCC3C(CCC4C(OC(=O)c5ccccc5)CCC43)C2CC1,1,1.0
O=c1[nH]c(=O)c2c(ncn2CCNCCc2ccccc2)[nH]1,1,1.0
c1ccc2c(c1)CCCS2,1,1.0
c1ccc(Oc2nc3ccccc3o2)cc1,1,1.0
c1ccc(-c2cc[nH]c2)cc1,1,1.0
c1ccc(C2(Cn3cncn3)OCC(COc3ccc(N4CCNCC4)cc3)O2)cc1,1,1.0
C1=CC23CCNCc4cccc(c42)OC3CC1,1,1.0
C1CCC(OC2CCCC(OC3CCCCO3)C2)OC1,1,1.0
O=C(NC1CC2CCC1C2)NS(=O)(=O)c1ccccc1,1,1.0
O=C(NC1CCCCC1)NS(=O)(=O)c1ccc(CCNC(=O)c2cnccn2)cc1,1,1.0
c1ccc2c3c([nH]c2c1)CCCCCC3,1,1.0
O=C1CNC(=O)N1c1ccccc1,1,1.0
C=C1CCCC(=O)OCC2=CCNCCC(OC1=O)C2=O,1,1.0
C=C1CC(=C)C(=O)OC2CC[NH+]3CC=C(COC(=O)C1)C23,1,1.0
C=C1CC(=C)C(=O)OC2CCN3CC=C(COC(=O)C1)C23,1,1.0
O=C(Nc1ccccc1)c1c[nH]c2ccccc12,1,1.0
c1ccc(-c2ccno2)cc1,1,1.0
c1ccc(CCNCCOc2ccccc2)cc1,1,1.0
C1=CC(c2cccc3nonc23)C=CN1,1,1.0
O=C1Cc2ccccc2CCN1CCCNCC1Cc2ccccc21,1,1.0
O=C(c1c[nH]c2ccccc12)C12CC3CC(CC(C3)C1)C2,1,1.0
c1ccc2cc3cc4ccccc4cc3cc2c1,1,1.0
O=C1C=CCC(C=Cc2ccccc2)O1,1,1.0
O=C1CN2C(=O)C=COC2(c2ccccc2)c2ccccc2N1,1,1.0
O=C(Cc1ccccc1)OC1CC2NC(C1)C1OC21,1,1.0
O=C(c1ccccc1)c1ccc2n1CCC2,1,1.0
O=C(OCCNCCC(c1ccccc1)c1ccccc1)C1=CNC=CC1c1ccccc1,1,1.0
c1ccc(CCCCOCCCCCCNCCc2ccccc2)cc1,1,1.0
c1ccc(C(c2ccccc2)c2ncn[nH]2)cc1,1,1.0
O=C1CCCc2ccccc21,1,1.0
c1ccc(C2CCC(N3CCC(c4ccccc4)CC3)CC2)cc1,1,1.0
O=C(COc1ccccc1)Nc1ccccc1,1,1.0
O=c1[nH]c2nc(N3CCCCC3)[nH]c2c(=O)n1Cc1ncc2ccccc2n1,1,1.0
O=C1OCCN1c1ccc(N2CCOCC2)cc1,1,1.0
c1ccc(-c2ccn(-c3ccccc3)n2)cc1,1,1.0
O=C(COc1ccccc1)NC(CCC(Cc1ccccc1)NC(=O)CN1CCCNC1=O)Cc1ccccc1,1,1.0
O=C1C(=CN2CCNCC2)N=C2CN=C(c3ccccc3)c3ccccc3N12,1,1.0
[N+]=C1C=CC(=C(c2ccccc2)c2ccccc2)C=C1,1,1.0
c1ccc(C2c3ccccc3C3=NCCN32)cc1,1,1.0
O=C(Cc1ccccc1)OC1CC2CCC(C1)[NH2+]2,1,1.0
c1ccc(NCCCNc2ccccc2)cc1,1,1.0
O=C(NC1CCN(CCc2c[nH]c3ccccc23)CC1)c1ccccc1,1,1.0
O=C(OC1CN2CCC1CC2)N1CCc2ccccc2C1c1ccccc1,1,1.0
O=C(NC1CC2CCCC(C1)N2)c1n[nH]c2ccccc12,1,1.0
O=C1C=CC2(CC1)Oc1ccccc1C2=O,1,1.0
c1ccc2c(c1)OCCO2,1,1.0
c1ccc(NC2CCN(CCc3cccs3)CC2)cc1,1,1.0
C1CCC(OC2OCCC2OC2CCCCO2)CC1,1,1.0
O=C(CC1CCCCN1)Cn1cnc2ccccc2c1=O,1,1.0
C1=NCCc2c1[nH]c1ccccc21,1,1.0
c1ccc2c3cc[nH]cc-3nc2c1,1,1.0
O=C(C=Cc1ccccc1)OC1CCC2C=COC(OC3CCCCO3)C21,1,1.0
c1n[nH]c2c1CC1C(CCC3C4CCCC4CCC13)C2,1,1.0
O=C(CNCCCc1ccccc1)N1CCC2(C1)SCCS2,1,1.0
O=C1CC2C(CC3C4CC(OC5CCCCC5)CC4CCC23)C(=O)CC(OC2CCCCO2)CCCCO1,1,1.0
O=C(OCCCNCCNCCCOC(=O)c1ccccc1)c1ccccc1,1,1.0
c1ccc(CN(CCN2CCCC2)c2ccccc2)cc1,1,1.0
O=C(NC1CCc2ccccc21)C(CCCN1CCN(Cc2cccnc2)CC1)Cc1ccccc1,1,1.0
c1cnc(N2CCCCCC2)cn1,1,1.0
O=c1[nH]c(-c2cccc(S(=O)(=O)N3CCN(Cc4ccccc4)CC3)c2)nc2cn[nH]c12,1,1.0
C1=CCC2c3ccccc3OCC2C1,1,1.0
O=c1[nH]c(-c2cccc(S(=O)(=O)N3CCCCC3)c2)nc2cn[nH]c12,1,1.0
O=c1c(OCC2CCCCO2)c(-c2ccccc2)oc2cc(OC3CCCCO3)ccc12,1,1.0
O=C(c1ccccc1)C1CC1,1,1.0
O=C1NCCN1CCN1CCC(c2cn(-c3ccccc3)c3ccccc23)CC1,1,1.0
O=C1CN=C(c2ccccc2)N1,1,1.0
c1ccc(CSC(Cn2cncn2)=Nc2ccccc2)cc1,1,1.0
O=C(Nc1cccc(C2=NCCN2)c1)Nc1cccc(C2=NCCN2)c1,1,1.0
O=c1ccc2c(CCNC3Cc4ccccc4C3)cccc2[nH]1,1,1.0
c1cc2c(c(NC3=NCCN3)c1)CCC2,1,1.0
O=C(NN1CCc2ccccc21)c1ccccc1,1,1.0
O=C(CCc1ccccc1)NCCc1ccccc1,1,1.0
c1ccc(-c2cccc(Cc3cccc(-c4ccccc4)c3)c2)cc1,1,1.0
O=c1nc[nH]c2c1ncn2C1CCC(CO[PH](=O)O[PH](=O)OCC2CCC([n+]3ccccc3)O2)O1,1,1.0
O=c1nc[nH]c2c1N=CCN2,1,1.0
C1=CCNC=C1,1,1.0
O=c1cc2[nH]cc3c4c(=O)c(=O)cc5[nH]cc(c(c1=O)c23)c54,1,1.0
N=C1NCC(=O)N1,1,1.0
O=c1[nH]cnc2c1NC(CNc1ccccc1)CN2,1,1.0
O=[PH](OCC1CCC(N2C=CCC=C2)O1)O[PH](=O)OCC1CCC(n2cnc3cncnc32)O1,1,1.0
O=c1[nH]cnc2c1N=C(CNc1ccccc1)CN2,1,1.0
O=c1[nH]cnc2c1ncn2C1CCC(CO[PH](=O)O[PH](=O)OC2CCCCO2)O1,1,1.0
O=C1CCC(C(=O)NC(Cc2cnc[nH]2)C(=O)N2CCCC2)N1,1,1.0
C1CCC(OCC2CCCO2)OC1,1,1.0
O=c1[nH]cnc2c1ncn2C1CCC(CO[PH](=O)O[PH](=O)OCC2CCC([n+]3ccccc3)O2)O1,1,1.0
O=c1[nH]c(=O)c2nc3ccccc3nc2[nH]1,1,1.0
O=C1CCCS1,1,1.0
O=c1ncccn1C1OCC2O[PH](=O)OC21,1,1.0
O=c1[nH]cnc2c1ncn2C1CC2O[PH](=O)OCC2O1,1,1.0
O=[PH]1OCC2OC(n3cnc4cncnc43)CC2O1,1,1.0
O=C(CCC1CC2N=C1C=C1CCC(=N1)C=C1CCC(=N1)C=C1CCC2[N-]1)NCCO[PH](=O)OC1COC(n2cnc3ccccc32)C1,1,1.0
C1=Cc2cc3ccc(cc4ccc(cc5nc(cc1n2)C=C5)[nH]4)[nH]3,1,1.0
O=C1CCC2C(CCC3=C4CCCC4CCC32)C1,1,1.0
O=C1CCC2C1CCC1C3CCC(OC4CCCCO4)CC3=CCC21,1,1.0
O=C1C=C(C2CCC3C2CCC2C4CCCCC4CCC23)CO1,1,1.0
C1=C2CCCCC2C2CCC3C4CC5(CCCCO5)OC4CC3C2C1,1,1.0
O=C(CCc1ccccc1)NCCc1c[nH]c2ccccc12,1,1.0
O=C1C=C2CC[C@H]3[C@@H]4CCCC4CC[C@@H]3C2CC1,1,1.0
c1ccc2c3c([nH]c2c1)CNCC3,1,1.0
O=C(Cc1c[nH]c2ccccc12)OC1CCCCO1,1,1.0
C1CCC(OC2CCC3C(CCC4C5CCCC5CCC34)C2)OC1,1,1.0
O=C1C=C2C=CC3=C4CCCC4CCC3C2CC1,1,1.0
O=C(Cc1ccccc1)OC1CCCCO1,1,1.0
C=C1C=CCCC1C=CC=CC=CC=CC=CC=CC=CC=CC=CC1=CCCCC1,1,1.0
O=C1CCC(c2ccc[nH+]c2)N1,1,1.0
O=c1[nH]cc(C2CCCO2)c(=O)[nH]1,1,1.0
O=C1CC2C3CCCCC3CCC2C2CCCC12,1,1.0
O=C1C=CC2C(CC=C3C4CCCC4CCC32)C1,1,1.0
O=C1C=CC(C=c2ccc(=Cc3ccc(C=C4C=CC(=O)N4)[nH]3)[nH]2)=N1,1,1.0
O=[PH](OCC1CCC(n2cnc3cncnc32)O1)O[PH](=O)OC1CCCCO1,1,1.0
O=[PH](OCC1CCCO1)O[PH](=O)OCC1CCC(n2cnc3cncnc32)O1,1,1.0
O=C(Cc1ccccc1)OC1CC=C2C(=O)C=CC2C2OC(=O)CC12,1,1.0
N=C(CCc1ccccc1)SC1CCCCO1,1,1.0
C1CCC2(CC3C(CC4C3CCC3C5CCCCC5CCC34)O2)NC1,1,1.0
C(=Cc1ccc(OC2CCCCO2)cc1)c1ccccc1,1,1.0
O=C1CC(c2ccc(OC3CCCCO3)cc2)Oc2ccccc21,1,1.0
O=C1CC(c2cccc(OC3CCCCO3)c2)Oc2ccccc21,1,1.0
c1ccc(C2COc3ccc(OC4CCCCO4)cc3O2)cc1,1,1.0
O=C1OC2CC3CCCCC13c1ccccc12,1,1.0
O=C(C=Cc1ccccc1)OCC1CCCC(Oc2c(-c3ccccc3)oc3ccccc3c2=O)O1,1,1.0
c1ccc2c(c1)CCC1CCCCC21,1,1.0
O=C1OC2Cc3ccccc3C13CCCCC23,1,1.0
c1ccc(C2CC(c3cccc4c3OC(c3ccccc3)CC4c3cccc4c3OC(c3ccccc3)CC4)c3ccccc3O2)cc1,1,1.0
O=c1ccc2cc(OC3CCCC(COC4CCCCO4)O3)c(-c3ccccc3)oc-2c1,1,1.0
c1cc2c(o1)CCC1C2CCC23CCC(CCC12)C3,1,1.0
O=C(C=Cc1ccccc1)CC(=O)C=Cc1ccccc1,1,1.0
O=c1c(OC2CCCCO2)c(-c2ccccc2)oc2cc(OC3CCCCO3)ccc12,1,1.0
O=C1OCC2OC(=O)c3ccccc3-c3cccc4c3C(=O)OC(C3Cc5cccc-4c5C(=O)O3)C2OC(=O)c2ccccc2-c2ccccc21,1,1.0
O=[PH]1OC2COC(n3cnc4cncnc43)C2O1,1,1.0
c1coc(CNc2ncnc3nc[nH]c23)c1,1,1.0
N=c1nc[nH]c2nc[nH]c12,1,1.0
O=c1[nH]c(=O)c2nccnc2[nH]1,1,1.0
N=c1[nH]cnc2c1ncn2C1CCCO1,1,1.0
C1=CC2C(CCC34CCC(CCC23)C4)c2ccoc21,1,1.0
O=C(OC1CCCCO1)c1c[nH]c2ccccc12,1,1.0
c1ccc2c(OC3CCCCO3)c[nH]c2c1,1,1.0
O=c1cc(-c2ccc3c(c2)OC(c2ccccc2)CO3)oc2ccccc12,1,1.0
c1ccc(CC(COC2CCCCO2)C(COC2CCCCO2)Cc2ccccc2)cc1,1,1.0
O=C1CC(C2=CC3C(=O)C4OCC(C24)C3c2ccccc2)Oc2ccccc21,1,1.0
O=C1CC(c2ccc3c(c2)OCC(c2ccccc2)O3)Oc2ccccc21,1,1.0
O=c1cc(-c2ccc3c(c2)CC(c2ccccc2)O3)oc2ccccc12,1,1.0
O=C1CC(c2ccc3c(c2)OC(c2ccccc2)CO3)Oc2ccccc21,1,1.0
O=C1CC(c2ccc3c(c2)CC(c2ccccc2)O3)Oc2ccccc21,1,1.0
c1ccc(C2COc3ccccc3C2)cc1,1,1.0
O=c1nc[nH]c2ncc(CNc3ccccc3)nc12,1,1.0
c1nc2cnc[nH]c-2n1,1,1.0
O=C1CCCCN1,1,1.0
O=C1OCc2cnccc21,1,1.0
N=C1CCOC2(C1)CC1CC(CC=CCCC=CC=C3COC4CC=CC(C(=O)O1)C34)O2,1,1.0
C(=Cc1ccccc1)C(C=Cc1ccccc1)=NN=C1NCCCN1,1,1.0
O=C(Nc1ccccc1)c1ccco1,1,1.0
O=C(Nc1ccccc1)Nc1ccncc1,1,1.0
c1ccc(C2OCCO2)cc1,1,1.0
C1CCCCCCC1,1,1.0
N=C(OC(=O)c1ccccc1)c1ccccc1,1,1.0
O=C1NC2(C=C1c1ccccc1)CCCCC2,1,1.0
O=C1OC2(C=C1c1ccccc1)CCCC2,1,1.0
O=C(Nc1ccccc1)N(Cc1ccccc1)C1CCCC1,1,1.0
c1ccc(Oc2ccc(OCCOc3ccccn3)cc2)cc1,1,1.0
c1ccc(-c2cccnn2)cc1,1,1.0
O=c1cc(SCc2ccccc2)cn[nH]1,1,1.0
c1ccc(COc2ccccn2)cc1,1,1.0
C(=NOCc1ccccc1)c1cn[nH]c1Oc1ccccc1,1,1.0
O=C(Nc1ccccc1)C1=COCCC1,1,1.0
O=C1c2ccc3c(c2OC2COc4ccccc4C12)CCO3,1,1.0
O=C(Nc1ccccc1)Nc1cnns1,1,1.0
C1=CCC=CC1,1,1.0
C1=CC2C3CCCCC3CCC2C2CCCC12,1,1.0
c1ccc(Sc2ccccc2)cc1,1,1.0
O=C1COc2ccc(N3C(=O)C4=C(CCCC4)C3=O)cc2N1,1,1.0
O=C1C=CCC(C2CCOCC2)C1,1,1.0
O=C(NCc1ccccc1)c1ccn[nH]1,1,1.0
c1ccc(CCn2ccnc2)cc1,1,1.0
O=C1CC2OCCC2O1,1,1.0
O=C(COc1ccccc1)NCc1ccccc1,1,1.0
O=C1C=CCC(c2ccccc2)C1,1,1.0
C1=Cc2cc3ccc(cc4nc(cc5ccc(cc1n2)[nH]5)C=C4)[nH]3,1,1.0
O=C(Nc1ncccn1)NS(=O)(=O)c1ccn[nH]1,1,1.0
c1ccc(C(Cn2cncn2)c2ccccc2)cc1,1,1.0
N=C(C1=NOCCO1)c1ccccc1Oc1cc(Oc2ccccc2)ncn1,1,1.0
O=C(Nc1ccccc1)c1ccnn1-c1ccccn1,1,1.0
c1ccc(CCOc2ncnc3ccccc23)cc1,1,1.0
O=C1C(c2ccccc2)N=CN1Nc1ccccc1,1,1.0
O=C(Nc1ccccc1)C1=COCCS1,1,1.0
O=C(Cc1ccccc1)Nc1ccccc1,1,1.0
c1ccc(-c2ccc(OCn3cncn3)cc2)cc1,1,1.0
C(=C1CCCC1Cn1cncn1)c1ccccc1,1,1.0
c1ccc2c(c1)sc1nncn12,1,1.0
O=c1c2ccccc2nc(-n2cncn2)n1-c1ccccc1,1,1.0
c1ccc(CCC(Cn2cncn2)c2ccccc2)cc1,1,1.0
O=C(OCc1cccc(-c2ccccc2)c1)C1CC1,1,1.0
O=c1[nH]c2ncccc2o1,1,1.0
O=C(Nc1ccccc1)N1COC2Cc3ccccc3C2=N1,1,1.0
O=c1[nH]cnc2ccccc12,1,1.0
C=C1SCCS1,1,1.0
O=C1NCCS1,1,1.0
O=C(NCc1ccccn1)c1ccccc1,1,1.0
c1ccc(N=c2[nH]ccs2)cc1,1,1.0
N=C1NC(=O)N(c2ccccc2)CS1,1,1.0
O=C(Nc1ccccc1)C1CCCCC1,1,1.0
O=C(c1ccccc1)c1cnoc1C1CC1,1,1.0
O=C(Nc1ncccn1)NS(=O)(=O)c1ccccc1C(=O)OC1COC1,1,1.0
O=C1OC(c2ccc(Oc3ccccc3)cc2)C(=O)N1Nc1ccccc1,1,1.0
c1ccc(OC2CCCCC2)cc1,1,1.0
O=C(Cc1ccccc1)NCCc1ccccc1,1,1.0
O=C(Nc1ccno1)c1ccccc1,1,1.0
O=C(NC1CCCCC1)N1CC(c2ccccc2)SC1=O,1,1.0
c1coc(-c2nc3ccccc3[nH]2)c1,1,1.0
O=C(NC(=O)c1ccccc1)Nc1ccc(Oc2ccccc2)cc1,1,1.0
c1ccc(-c2cnc[nH]2)cc1,1,1.0
C1CCCNCC1,1,1.0
C(=Nc1ccccc1)n1ccnc1,1,1.0
c1ccc(-n2cncn2)cc1,1,1.0
c1ccc(Oc2ccnc3ccccc23)cc1,1,1.0
O=C1C2CC2C(=O)N1c1ccccc1,1,1.0
O=C(Nc1ccccc1)c1cccc(Oc2ccccc2)n1,1,1.0
O=C1OCCN1Nc1ccccc1,1,1.0
O=C(C=Cc1ccccc1)OC1COC(OCCc2ccccc2)CC1OC1CCCCO1,1,1.0
O=C(NCC(=O)N1CCCC1)C1CCCN1,1,1.0
C1=CC1,1,1.0
c1ccc([SiH](Cn2cncn2)c2ccccc2)cc1,1,1.0
O=C1CNC(=O)N1,1,1.0
O=c1[nH]cnc2c1[nH]c[n+]2C1CCCO1,1,1.0
c1ccc(C2Oc3ccc4c(c3C2c2ccccc2)C2c3ccc5c(c3C(C4c3ccccc3)C2c2ccccc2)C(c2ccccc2)C(c2ccccc2)O5)cc1,1,1.0
C(=NN=Cc1ccccc1)c1ccccc1,1,1.0
C1CCC(OCC2CCCC(OCC3CCCC(OC4CCCO4)O3)O2)OC1,1,1.0
C1CCC2CCCCC2C1,1,1.0
C1CCC(OCC2CCCC(OC3CCCO3)O2)OC1,1,1.0
c1ccc(C2CCc3ccc4c(c3O2)C2CC(c3ccccc3)(Oc3ccccc32)O4)cc1,1,1.0
O=C(C=CC=Cc1ccc2c(c1)OCO2)N1CCCCC1,1,1.0
O=C(C=Cc1ccccc1)OCC1CCCC(Oc2cc3ccc(=O)cc-3oc2-c2ccccc2)O1,1,1.0
O=C1CCC(=O)N1,1,1.0
C1CCC(COC2CCCCO2)OC1,1,1.0
O=c1ccc2cc(OC3CCCCO3)c(-c3ccccc3)oc-2c1,1,1.0
O=c1cc2oc(-c3ccccc3)c(OC3CCCCO3)cc-2c(OC2CCCCO2)c1,1,1.0
C1CCC2C3=C(CCC2C1)C1CCCC1CC3,1,1.0
C1=NCCCN1,1,1.0
C1=C2CC(OC3CCCCO3)CCC2C2CCC3CCCC3C2C1,1,1.0
C1CCC2CCCC2C1,1,1.0
O=C(C=Cc1ccccc1)OCC1CCCCO1,1,1.0
c1ccc(C2OC2(Cn2cncn2)c2ccccc2)cc1,1,1.0
O=c1cn[nH]c(=O)[nH]1,1,1.0
c1ccc(C(CC2CC2)Cn2cncn2)cc1,1,1.0
O=C1COCCN1c1ccccc1,1,1.0
O=c1cc(-c2ccccc2)oc2cc(OC3CCCCO3)c(C3CCCCO3)cc12,1,1.0
O=C(C=Cc1ccccc1)OCC1CCCC(OC2CCCOC2c2ccc3oc(-c4ccccc4)cc(=O)c3c2)O1,1,1.0
O=c1cc(-c2ccccc2)oc2cc(OC3CCCC(COC4CCCCO4)O3)ccc12,1,1.0
C1CCC(OC2(COC3CCCO3)CCCO2)OC1,1,1.0
O=C1CC2CC=CN12,1,1.0
C1=CSSC=C1,1,1.0
C1=CC2OCC3CCCCC32O1,1,1.0
O=c1ccc2cc3ccccc3cc2o1,1,1.0
O=C1C=CCCC2=CC(=O)C3(CCC=C3C=C1)O2,1,1.0
C1=Cc2sc3ccccc3c2CC1,1,1.0
C=C1CC23CC1CCC2C12C=CCC(C(=O)O1)C2C3,1,1.0
O=c1[nH]cnc2ncc(CNc3ccccc3)nc12,1,1.0
O=c1nc2n(CCCCCO[PH](=O)O[PH](=O)OCC3CCC(n4cnc5cncnc54)O3)c3ccccc3nc-2c(=O)[nH]1,1,1.0
O=c1c(OC2CCCO2)c(-c2ccccc2)oc2ccccc12,1,1.0
C(=Cc1cccc2c1C(c1ccccc1)C(c1ccccc1)O2)c1ccccc1,1,1.0
c1ccc(C2Oc3cccc4c3C2c2ccccc2C(c2ccccc2)C4C2c3cccc4c3C(c3ccccc3C2c2ccccc2)C(c2ccccc2)O4)cc1,1,1.0
O=C1CC(c2ccccc2)c2c(ccc3c2OC(c2ccccc2)CC3)O1,1,1.0
C(=Cc1cccc2c1C(c1ccccc1)C(c1ccccc1)O2)c1ccc2c(c1)C(c1cccc3c1C(c1ccccc1)C(c1ccccc1)O3)C(c1ccccc1)O2,1,1.0
C1=CC2COC=CC2C1,1,1.0
O=C(CCc1ccccc1)c1cccc(C2CCCCO2)c1,1,1.0
O=c1cc(-c2ccc(OC3CCCCO3)cc2)oc2ccccc12,1,1.0
C1=CC2(CCC1)CCCO2,1,1.0
O=c1c(OC2CCCCO2)c(-c2ccc(OC3CCCCO3)cc2)oc2ccccc12,1,1.0
c1ccc(C2CC(c3cccc4c3OC(c3ccccc3)CC4)c3ccccc3O2)cc1,1,1.0
O=C(CCc1ccccc1)c1ccccc1OC1CCCCO1,1,1.0
c1ccc(C2c3ccccc3C3C(c4ccccc4)c4ccccc4C23)cc1,1,1.0
O=c1ccc2cccc(OC3CCCCO3)c2o1,1,1.0
O=c1oc2cccc3c(=O)oc4cccc1c4c23,1,1.0
O=C(Oc1cccc2c1CCC(c1ccccc1)O2)c1ccccc1,1,1.0
C=C1CCCCC1=O,1,1.0
O=c1ccc2cc(OC3CCCCO3)ccc2o1,1,1.0
O=C1CC2CCC1C2,1,1.0
C(=Cc1cccc2c1C(c1cccc3c1C(c1ccccc1)C(c1ccccc1)O3)C(c1ccccc1)O2)c1ccccc1,1,1.0
O=c1ccc2ccc(-c3ccccc3)oc-2c1,1,1.0
O=C1COC(=O)C1=O,1,1.0
C1CCC(OC2CCCCO2)OC1,1,1.0
c1ccc(-c2[o+]c3ccccc3cc2OC2OCCCC2OC2CCCCO2)cc1,1,1.0
C1CC2CCC3C(CC4OC45CCCCC35)C2C1,1,1.0
O=C1NC2CSCC2N1,1,1.0
O=C(C=Cc1ccccc1)OC1CCCC(OC(=O)C=Cc2ccccc2)C1,1,1.0
O=C1C=CC(=Cc2ccc(Cc3ccc(C=C4C=CC(=O)N4)[nH]3)[nH]2)N1,1,1.0
c1ccc(C2Oc3cccc4c3C2c2cccc3c2C(c2cccc5c2C4C(c2ccccc2)O5)C(c2ccccc2)O3)cc1,1,1.0
O=c1cc(-c2ccccc2)oc2cc(OC3OCCCC3OC3CCCO3)ccc12,1,1.0
c1ccc(COC2CCCC(COC3CCCCO3)O2)cc1,1,1.0
c1ccc(C2Oc3ccc4c(c3C2c2ccccc2)C2C(c3ccccc3)c3ccc5c(c3C2C4c2ccccc2)C(c2ccccc2)C(c2ccccc2)O5)cc1,1,1.0
C(=C1c2ccccc2C(c2ccccc2)C1c1ccccc1)c1ccccc1,1,1.0
O=C(NCCOc1ccccc1)n1ccnc1,1,1.0
C(=Nc1ccccc1)NC=Nc1ccccc1,1,1.0
O=c1[nH]c(=O)c2cn[nH]c2[nH]1,1,1.0
O=C(Nc1ccccc1)c1cccnc1Oc1ccccc1,1,1.0
c1ccc(Oc2ccc(C3(Cn4cncn4)OCCO3)cc2)cc1,1,1.0
O=C(CCCc1ccccc1)N1CCn2cnnc2C1,1,1.0
O=C1C=C2CCC3C(CCC4C3CCC43CCC(=O)O3)C2CC1,1,1.0
C1=CC2=CCCCC2CC1,1,1.0
c1ccc(C2CN3CCSC3=N2)cc1,1,1.0
O=C1CCC2C3Cc4cccc5c4C2(CCN3CC2CC2)C1O5,1,1.0
C=C1NCCC1(c1ccccc1)c1ccccc1,1,1.0
c1ccc2c(c1)CC1NCCC23CCCCC13,1,1.0
O=C1NS(=O)(=O)c2ccccc21,1,1.0
O=C(CCc1ccccc1)c1ccc(OC2OCCCC2OC2CCCCO2)cc1,1,1.0
O=C(Nc1ccccc1)c1c[nH]c(-c2ccccc2)c1-c1ccccc1,1,1.0
O=C(CCS(=O)(=O)c1ccccc1)Nc1ccccc1,1,1.0
O=C1OCc2ccccc21,1,1.0
c1ccc(-c2ccc(Cn3cnc4ccc(-c5nc6ccccc6[nH]5)cc43)cc2)cc1,1,1.0
c1ccc(-c2nn[nH]n2)c(-c2ccc(Cn3cnc4ccccc43)cc2)c1,1,1.0
O=C(Nc1ccccc1-c1ccccc1)c1cccnc1,1,1.0
O=C(C=C(c1ccccc1)c1ccccc1)N1CCOCC1,1,1.0
O=C1NN=CCN1N=Cc1cccnc1,1,1.0
C1=C2CC(OC3OCC(OC4CCCCO4)CC3OC3CCCCO3)CCC2C2CCC3C(CC4C3CC3CCCCN34)C2C1,1,1.0
O=c1[nH]cnc2c1[nH]c(=O)n2C1CCCO1,1,1.0
O=C1CNC=N1,1,1.0
C1CC[NH2+]C1,1,1.0
C1=CC2=CCC3CCCCC3C2CC1,1,1.0
O=C1C=C2C3CCCCC3CCC2C2CCC3CCCCC3C12,1,1.0
c1ccc(C2OCC3C(c4ccccc4)OCC23)cc1,1,1.0
C1=C2CC(OC3OCCC(OC4CCCCO4)C3OC3CCCCO3)CCC2C2CCC3C(CC4C3CC3CCCCN34)C2C1,1,1.0
O=c1[nH]c2c(c(=O)n1C1CCCCC1)CCC2,1,1.0
C1CCC2(CC3C(CC4C3CCC3C5CCC(OC6CCC(OC7OCCC(OC8CCCCO8)C7OC7CCCCO7)CO6)CC5CCC34)O2)NC1,1,1.0
c1ccc(CC2COC(c3ccccc3)C2)cc1,1,1.0
C=C1C(CC(=O)OCCc2ccccc2)C=COC1OC1CCCCO1,1,1.0
C=C1NC(=O)CCCNC(=O)CC(C=CC=CCCCc2ccccc2)NC(=O)CNC(=O)CCNC(=O)CNC(=O)CNC1=O,1,1.0
c1ccc(CCCN2CCCCC2)cc1,1,1.0
O=C1NCCN1Cc1cccnc1,1,1.0
c1ccc(-c2ccncn2)cc1,1,1.0
C1CCC2(CC1)OCCO2,1,1.0
c1ccc(COc2ccn(-c3ccccc3)n2)cc1,1,1.0
N=C1CCCCOC(=O)CC(OC2CCCCO2)CC(OC2CCCCO2)CCC1,1,1.0
O=c1[nH]sc2ccccc12,1,1.0
O=C1NS(=O)(=O)Nc2ccccc21,1,1.0
O=S(=O)(Nc1ccccn1)c1ccccc1,1,1.0
O=c1cc[nH]c2cc(N3CCNCC3)ccc12,1,1.0
O=C(NCCc1ccccc1)c1ccccc1,1,1.0
O=C1NCNC(=O)C1c1ccccc1,1,1.0
O=C1CC(OC2CCCCO2)CC(OC2CCCCO2)CCCCNCCCCO1,1,1.0
c1ccc(C(Cn2cncn2)Cn2cncn2)cc1,1,1.0
O=C1C=CC=CC(COC2CCCCO2)COC(=O)CCCC(OC2CCC(OC3CCCCO3)CO2)CCC1,1,1.0
c1cc2c(c(-c3cc[nH]c3)c1)OCO2,1,1.0
c1ccc(Nc2nccc(C3CC3)n2)cc1,1,1.0
O=C1CCON1Cc1ccccc1,1,1.0
O=C(Nc1ncncn1)NS(=O)(=O)c1ccsc1,1,1.0
O=C1Cc2ccccc2O1,1,1.0
c1ccc(CCCCn2cncn2)cc1,1,1.0
c1ccc(C(c2ccccc2)(c2ccccc2)n2ccnc2)cc1,1,1.0
C(=Cc1cncn1Cc1ccccc1)Cc1cccs1,1,1.0
c1ccc(-c2cncnn2)cc1,1,1.0
O=C1N(Cc2ccc(-c3ccccc3-c3nn[nH]n3)cc2)C=NC12CCCC2,1,1.0
O=C1C=COS(=O)(=O)N1,1,1.0
O=C1CC(=O)NC(=S)N1,1,1.0
c1ccc(OCn2ccnc2)cc1,1,1.0
N=C1NCCN1Cc1cccnc1,1,1.0
O=C(OC1CCC2CC3c4[nH]c5ccccc5c4CCN3CC2C1)c1ccccc1,1,1.0
O=C(NCCN1CCOCC1)c1ccccc1,1,1.0
O=C1OCCc2cc3c(cc21)CCC3,1,1.0
c1ccc(NCc2ccco2)cc1,1,1.0
O=C(CNC(=O)NCc1cscn1)NC(CCC(Cc1ccccc1)NC(=O)OCc1cncs1)Cc1ccccc1,1,1.0
c1ccc2c(c1)Nc1ccccc1C1OC21,1,1.0
O=C(COc1nncs1)Nc1ccccc1,1,1.0
O=c1c(-c2ccccc2)cn2n1CCOCC2,1,1.0
C=C1CC2C(CCC3C(=O)CCC32)C2C=CC(=O)C=C12,1,1.0
c1ccc(C2(Cn3cncn3)CCCO2)cc1,1,1.0
O=C1C=CC2CCCC1C2=O,1,1.0
C1=Cc2ccccc2NC1,1,1.0
O=C1CCC2C(CC=C3C4CCC(C5CCOC5)C4=CCC32)C1,1,1.0
O=C1CCC2C(CCC3C4CCC(CCCC5CO5)=C4CCC23)C1,1,1.0
O=C1C=CC2(C=C1)CC1NCCc3cc4c(c2c31)OCO4,1,1.0
c1cc2c3c(c1)Oc1ccc(cc1)CC1NCCc4ccc5c(c41)Oc1ccc(cc1CO5)CC3NCC2,1,1.0
c1cc2c3c(c1)Oc1cc4c(cc1CC3NCC2)OCO4,1,1.0
c1ccc2c(c1)CC1NCCc3cccc(c31)O2,1,1.0
c1ccc2c(-c3ccc4c(c3)CNCC4)cccc2c1,1,1.0
O=C1C=C2C(CCC3C4CCCC23COC4)C23OC2CC(c2ccoc2)C13,1,1.0
O=C1C=CC(C2CC3C(CCCN4C(C5CCC(=O)O5)CCC34)O2)O1,1,1.0
O=C1C=CC(=C2CC3C(CCCN4C(C5CCC(=O)O5)CCC34)O2)O1,1,1.0
O=C1CCC(C2CCC3N2CCCCC32CCC(=O)O2)O1,1,1.0
O=C1CC2C(CC3CCCCN4CCC2C34)O1,1,1.0
O=C1CC2C(CC3CCCCN4C(C5CCC(=O)O5)CC2C34)O1,1,1.0
C1=CC2CC=C3Nc4ccccc4C34CCN(C1)C24,1,1.0
C1=C2Nc3ccccc3C23CCN2CC4OC4C(C1)C23,1,1.0
C=C1CN2CCc3c([nH]c4ccccc34)CC1CC2,1,1.0
O=C1C=CC2(C=C1)CC1NCCc3cccc2c31,1,1.0
O=C1C=CC2(C=C1Oc1ccc(CC3NCCc4ccccc43)cc1)CC1NCCc3cccc2c31,1,1.0
c1ccc(C2CCC3c4cc5c(cc4OC23c2ccccc2)OCO5)cc1,1,1.0
C1=CC2CC3CCCOC3(C1)O2,1,1.0
O=C(C=Cc1ccccc1)OC1CCC2C(CCC3C2CCC2C4CCCC4CCC23)C1,1,1.0
O=C1OCC=C1CCCCCCCC1CCCO1,1,1.0
O=c1nc(Cc2ccccc2)[nH]c2ccccc12,1,1.0
O=C1CC2C(CCC3C4CC5(CCCCO5)OC4CC32)C2CCCCC12,1,1.0
C=C1CCC2(CC3C(CC4C3CCC3C5CCCCC5C(=O)CC34)O2)OC1,1,1.0
O=C1CC2C(c3ccoc3)CC3OC32C2CCC3C4CCCC3(COC4)C12,1,1.0
C1=CC2CC3CCCC3(C1)OO2,1,1.0
O=C1OCCC1C1CCC23CC12C=CC1C2CC=C4CC(c5ccccc5)OCC4C2CCC13,1,1.0
O=C(CC1CCCC2CCCCC21)c1ccoc1,1,1.0
c1cc(CCC2CCCC3CCCCC32)co1,1,1.0
O=C(CC1CCCC2C1CCC1OC12)c1ccoc1,1,1.0
O=C(CCC12C3CCCC1N1CC3CCC13CCCC23)C1COC2CCC1O2,1,1.0
C1=C2CCC3=C2C2(C1)C1CCC4CCN(CC1CC3)C42,1,1.0
O=C1Nc2ccccc2C12C1CC3C(CO1)C1NCC3C12,1,1.0
C=C1CNCC2Cc3c([nH]c4ccccc34)C(=O)CC12,1,1.0
C=C1CNC2Cc3c([nH]c4ccccc34)C(=O)CC1C2,1,1.0
O=C1CC2CCNC(Cc3c1[nH]c1ccccc31)C2,1,1.0
O=C(Nc1nccs1)C1=Cc2ccccc2S(=O)(=O)N1,1,1.0
c1cncc(Cn2ccnc2)c1,1,1.0
C1=CC2OC2C=C1,1,1.0
c1ccc(Oc2ccncn2)cc1,1,1.0
c1cnnnc1,1,1.0
O=C1C=C2CCC3C(CCC4C(OC5CCCCO5)CCC43)C2CC1,1,1.0
O=C(OCCOc1ccccc1)C1CCCCO1,1,1.0
O=S1(=O)N=CNc2ccccc21,1,1.0
c1ccc(C2CCCCNC2)cc1,1,1.0
O=C(CCc1ccccc1)N1CCCC1,1,1.0
O=C(CCc1cnc[nH]1)N1CCCC1,1,1.0
C1=CC2CC(C1)C2,1,1.0
O=[PH](c1ccccc1)c1ccccc1,1,1.0
N=C(Nc1ccccc1)Nc1ccccc1,1,1.0
c1ccc(-c2nnn[nH]2)c(-c2ccc(Cn3cnc4ccccc43)cc2)c1,1,1.0
O=C1Cc2ccccc2Nc2ccccc21,1,1.0
C=C(c1ccccc1)c1ccc2c(c1)CCCC2,1,1.0
O=C1C=C2C=CC3CC2(O1)C1CCCCN31,1,1.0
O=C1Nc2ccccc2C12CCN1CC3COC=CC3CC12,1,1.0
O=C(OCC12CCCC34C5CC6CCC(C5C6)C(CC13)C4NC2)c1ccccc1N1C(=O)CCC1=O,1,1.0
O=c1c2cnccc2cc2n1CCc1c-2[nH]c2ccccc12,1,1.0
C1=CC2CC3c4[nH]c5ccccc5c4CCN3CCC2C(OC2CCCCO2)O1,1,1.0
O=C1CCCC2c3[nH]c4ccccc4c3CCN12,1,1.0
C=C1CCC2c3[nH]c4ccccc4c3CCN2C1,1,1.0
c1ccc2c(c1)NC1C2CCN2CCCCC12,1,1.0
O=C(OC1CC23OC4OC1C(O4)C2C1OC1CC1C(=O)C=CC13)c1ccccc1,1,1.0
O=c1cn[nH]cn1,1,1.0
O=S(=O)(NC1CCCCC1)c1nc2ccccc2s1,1,1.0
S=c1cccc[nH]1,1,1.0
c1ccc(OCCOc2ccccc2)cc1,1,1.0
c1ccc(C(c2ccccc2)(c2ccccc2)c2ccccc2)cc1,1,1.0
O=C(c1cn[nH]c1)c1cccc(C2=NOCC2)c1,1,1.0
c1ccc2c(c1)Cc1ccccc1-2,1,1.0
O=C1CC2=CCC3C(C(=O)CC4CCCC43)C2=CO1,1,1.0
O=C1CC2CCCC2C2CC=C3CCCCC3C12,1,1.0
O=c1nc[nH]c(=O)n1C1CCCCC1,1,1.0
C=C1CC=CC1=O,1,1.0
O=C1CCCNC(=O)CNC(=O)CNC(=O)CNC(=O)CNC(=O)CNC(=O)CN1,1,1.0
C=C1NC(=O)CNC(=O)CNC2C=Cc3ccc(nc3C2)C(=O)OCC2NC(=O)c3csc(n3)CNC(=O)C3CSC(=N3)C(=C)NC(=O)CNC(=O)c3csc(n3)C3(CCC(c4nccs4)=NC3c3csc2n3)NC(=O)CNC1=O,1,1.0
O=C1Cc2cccc(c2)Oc2cccc(c2)C2NC(=O)C(Cc3ccc(cc3)Oc3cc4cc(c3)C(NC2=O)C(=O)NC2C(=O)NC(C(=O)NCc3cccc(OC5CCCCO5)c3-c3cccc2c3)C(OC2CCCCO2)c2ccc(cc2)O4)N1,1,1.0
O=C1C=CC=CCCCCCCCCC=COC2Oc3ccc4cc(c(C=NN5CCNCC5)cc4c3C2=O)N1,1,1.0
O=C(CNC(=O)CNC(=O)C(NC(=O)CNC(=O)C(NC(=O)CNC(=O)C(Cc1ccccc1)NC(=O)CNC(=O)C(NC(=O)C(NC(=O)CNC(=O)CNC(=O)CC1CCCCC1)C1CCCCC1)C1CCCCC1)C1CCCCC1)C1CCCCC1)NCC(=O)NCC1CCCCC1,1,1.0
O=C(Nc1cc2ccc(OC3CCCCO3)cc2oc1=O)c1ccccc1,1,1.0
C=C1NC(=O)CNC(=O)c2csc(n2)-c2ccc(-c3nccs3)nc2-c2csc(n2)C2CSC(=O)c3cc4c(cccc4[nH]3)COC(=O)CCC(NC(=O)c3csc1n3)c1nc(cs1)C(=O)N2,1,1.0
O=C(CC1CCCCO1)NCC=CC=CCCC1CCC(C=CC=CC=CC(=O)c2ccc[nH]c2=O)O1,1,1.0
O=C1CNC(=O)c2csc(n2)CNC(=O)c2csc(n2)CNC(=O)c2csc(n2)-c2ccc(-c3nc(C4=NC(C(=O)N5CCCC5)CO4)cs3)nc2-c2csc(n2)-c2csc(n2)C(Cc2ccccc2)N1,1,1.0
C=C1CCC2C1CCC1C3CCCCC3CCC21,1,1.0
O=C1c2ccccc2C(=O)c2cc3c(cc21)CCCC3OC1CCCCO1,1,1.0
O=C1C=CC(=O)c2cc3c(cc21)C(=O)c1occ2c1C3CCC2,1,1.0
C1=C2CCC3C(CCC4C5CCCCC5CCC43)C2CO1,1,1.0
O=C1C=C(C2CCC3C2CCC2C4CCC(OC5OCCC6(NCCS6)C5=O)CC4CCC23)CO1,1,1.0
O=C(CCc1cccc(C(CCc2ccccc2)c2ccccc2)c1)c1ccccc1,1,1.0
O=C(CCc1c[nH]c2ccccc12)NCC(=O)NCC(=O)NC1COC(=O)C(CC(=O)c2ccccc2)NC(=O)CNC(=O)CNC(=O)CNC(=O)CNC(=O)CNC(=O)CNC(=O)CNC(=O)CNC1=O,1,1.0
O=C1CCc2ccc(cc2)Oc2cc3cc(c2OC2OCCCC2OC2CCCCO2)Oc2ccc(cc2)CC2NC(=O)C(NC(=O)C3NC(=O)CN1)c1cccc(c1)-c1ccccc1CNC2=O,1,1.0
N=C(C(=O)NC1CNC1=O)c1cscn1,1,1.0
N=c1[nH]c(=N)[nH]c(=N)[nH]1,1,1.0
C=C1C(=O)CCCC1=O,1,1.0
C1NCNC(=NC2CC2)N1,1,1.0
N=C1N=CCN1,1,1.0
N=C1NCC(CC2CCCCC2)C(=N)N1,1,1.0
O=c1[nH]c(=O)c2nc[nH]c2[nH]1,1,1.0
O=S(=O)(NC=NC1=NCNCN1)C1CCCCC1,1,1.0
c1ccc(C2(Cn3ccnc3)OCC(COc3ccc(N4CCNCC4)cc3)O2)cc1,1,1.0
O=S(=O)(CCC=Nc1ccccc1)c1ccccc1,1,1.0
O=C1C=CCN1C=NCCc1ccc(S(=O)(=O)NC=NC2CCCCC2)cc1,1,1.0
O=S(=O)(NC=NC1CCCCC1)c1ccc(CCN=Cc2ccccc2)cc1,1,1.0
C(=NCC1CCCCN1)c1ccccc1,1,1.0
C(#CC1OC=Nc2ccccc21)C1CC1,1,1.0
N=C1NCNCN1,1,1.0
C1=NC(c2ccccc2)c2ccccc21,1,1.0
O=C(c1ccccc1)C1C(c2ccccc2)OC(c2ccccc2)C1C(=O)c1ccccc1,1,1.0
O=C1c2ccccc2OC(c2ccccc2)C1C1C(=O)c2ccccc2OC1c1ccccc1,1,1.0
C=C1C(=O)OC2CC3CCCCC3=CC12,1,1.0
O=C1CC2CCCC34C1CCCN3CCCC24,1,1.0
c1ccc2c(c1)CNc1c-2ccc2cc3c(cc12)OCO3,1,1.0
O=C1C=CC23CC24CCC2CCCC2C4C2OC2C3C1,1,1.0
C=C1CCC2C(=C)C(=O)OC2C2CC(=O)CC12,1,1.0
c1ccc2c(c1)c1c(c3ccccc32)CN2CCCC2C1,1,1.0
c1ccc2nc3occc3cc2c1,1,1.0
c1ccc2c(c1)C1CCC2OO1,1,1.0
O=C1CCC23CC24CCC2CCCC2C4CCC3C1,1,1.0
O=C1C=CCCC2C=CC2CCCC=CC1,1,1.0
c1ccc(C2Oc3cccc4c3C2c2ccccc2C(c2ccccc2)C2c3ccccc3C(c3ccccc3)C42)cc1,1,1.0
C=C1CCC=CC2CCCC12,1,1.0
O=C1C(=O)c2c(ccc3ccccc23)-c2occc21,1,1.0
O=C(OC1CC2CCC3C4=CCC5CCCCC5C4CCC3C2CC1OC(=O)c1ccccc1)c1ccccc1,1,1.0
O=c1cc(CCCCc2ccccc2)oc2c1C1CCCC(C1)O2,1,1.0
O=C1C=CC2=CC=C3C(CCC4C3CCC3CCCCC34)C2=C1,1,1.0
O=C1CC2=CCC3C4CCCC4CC(=O)C3C2CC1OC1CCCCO1,1,1.0
c1ccc2c(c1)oc1cccc(-c3cccc4oc5ccccc5c34)c12,1,1.0
C=C1CCCC2CC3OC(=O)C(=C)C3CC12,1,1.0
O=C(C=Cc1ccccc1)OCC1CCC(OC(=O)C=Cc2ccccc2)C(Oc2ccc3c(=O)cc(-c4ccccc4)oc3c2)O1,1,1.0
O=c1cc(-c2cccc(-c3cccc4c(=O)cc(-c5ccccc5)oc34)c2)oc2ccccc12,1,1.0
C1CCC(OC2CCOC(OC3CCOCC3)C2)OC1,1,1.0
C1=CC2CCC1OO2,1,1.0
O=C1CCCC2=CC(=O)OC2C2OC2C(=O)C1,1,1.0
C=C1C(=O)OC23C=CC4C=COC(OC12)C43,1,1.0
O=C(C1=C2OCCCC23CCCC(C1=O)C3=O)c1ccccc1,1,1.0
O=C1C=CC23CC(COC2=C1)Cc1ccccc13,1,1.0
O=C(OC1CCCCO1)C1CCCC23CC24CCC2CCCC2C4CCC13,1,1.0
O=C(C=Cc1ccccc1)OCC1CC23CCC4CCCCC4C2CCC1C3,1,1.0
O=C(C=Cc1ccccc1)OCC12CCCCC1CCC13CCC(CCC12)C3,1,1.0
C1=C2C(CCC2C2CCOC2)C2=CCC3CCCCC3C2C1,1,1.0
O=C1CCC2C(=CCC3C4CCCC4CC(=O)C23)C1,1,1.0
O=C1C=CC2C1CC1OC1C1C3OC4OC3CCC21O4,1,1.0
O=c1cc(-c2ccc3c(c2)OCO3)[nH]c2ccccc12,1,1.0
c1ccc(Nc2ccncc2)cc1,1,1.0
O=C1CCCC=CCCCCCCCCCC1,1,1.0
c1ccc2sc(NC3CCCCC3)nc2c1,1,1.0
c1ccc2sc(SN3CCOCC3)nc2c1,1,1.0
c1ccc2nc3ccccc3cc2c1,1,1.0
[N+]=c1ccc2c(-c3ccccc3)c3ccccc3oc-2c1,1,1.0
c1ccc(-c2ncncn2)cc1,1,1.0
C1N2CN3CN1CN(C2)C3,1,1.0
O=C(NC1CC1)c1ccc(S(=O)(=O)NC(=O)c2ccccc2)cc1,1,1.0
O=C(NS(=O)(=O)c1ccsc1)n1nc[nH]c1=O,1,1.0
O=c1oc2ccccc2cc1C1CCCc2ccccc21,1,1.0
O=C1Cc2ccccc2CO1,1,1.0
c1ccc2[nH+]nc(-n3ccnc3)nc2c1,1,1.0
O=c1ccn2c3c(c(N4CCNCC4)ccc13)OCC2,1,1.0
O=S(=O)(Nc1nc2ncccn2n1)c1cccnc1,1,1.0
O=S(=O)(N=c1cnc2ccccc2[nH]1)c1ccccc1,1,1.0
O=c1ccn2c3c(c(N4CCNCC4)ccc13)OCN2,1,1.0
c1ccc(-n2cccc2)cc1,1,1.0
c1ccc2c(CCCC3CCCO3)cccc2c1,1,1.0
O=c1cccc(C2CCCCC2)[nH]1,1,1.0
c1ccc2c(CC3=NCCN3)cccc2c1,1,1.0
O=C(NCCc1ccccn1)c1ccccc1,1,1.0
C(=Cc1ccc2ccccc2n1)c1cccc(C(CCc2ccccc2)SCC2CC2)c1,1,1.0
O=c1nc(-c2cccc(S(=O)(=O)N3CCNCC3)c2)[nH]c2cn[nH]c12,1,1.0
c1ccc(C2OC2c2ccccc2)cc1,1,1.0
c1ccc(Oc2ccc3[nH]cnc3c2)cc1,1,1.0
c1ccc2c3c([nH]c2c1)COCC3,1,1.0
O=C1NC(c2ccccc2)c2ccccc21,1,1.0
O=C(c1ccc(OCCN2CCCCC2)cc1)c1c(-c2ccccc2)sc2ccccc12,1,1.0
O=C(NC1CCCCC1)NS(=O)(=O)c1ccc(CCNC(=O)N2CC=CC2=O)cc1,1,1.0
O=S(=O)(Nc1nncs1)c1ccccc1,1,1.0
O=C1CC=Cc2ncc3ccccc3c21,1,1.0
O=c1c2ccccc2oc2ccccc12,1,1.0
c1ccc(-c2nc[nH]n2)cc1,1,1.0
O=C(NCc1ccc(-c2ccccc2-c2nnn[nH]2)cc1)C1CCCC1,1,1.0
O=C(NCCCCCCNC(=O)Oc1ccc[nH+]c1)Oc1ccc[nH+]c1,1,1.0
O=C(Nc1cccc2c1C1CCC2C1)c1cn[nH]c1,1,1.0
O=P(c1ccccc1)(c1ccccc1)c1ccccc1,1,1.0
O=C1Cc2ccccc2C(=C2CCNCC2)c2ccsc21,1,1.0
O=C(Cc1cccnc1)c1cccnc1,1,1.0
O=C1CC2(CCCCC2)CN1,1,1.0
O=C(NS(=O)(=O)c1ccccc1)n1nc[nH]c1=O,1,1.0
c1cnc2ccnn2c1,1,1.0
c1ccc(-c2ccc[nH]2)cc1,1,1.0
C1OCOCOCO1,1,1.0
O=C1C(c2ccccc2)=COC1c1ccccc1,1,1.0
O=C(Nc1ncccn1)NS(=O)(=O)Cc1ccccc1,1,1.0
O=C(N=[SH](=O)c1ccccc1)Nc1ncncn1,1,1.0
O=C(OC1CCCCC1)c1ccccc1C(=O)OC1CCCCC1,1,1.0
O=C1CCc2cccc3c2N1CC3,1,1.0
O=c1nc[nH]nc1-c1ccccc1,1,1.0
C1=NN(c2ccccc2)CC1,1,1.0
O=C1CN=C(c2ccc3ccccc3n2)N1,1,1.0
O=c1c(Cc2ccccc2)coc2ccccc12,1,1.0
O=C(Nc1cccc2ccccc12)c1ccccc1,1,1.0
S=c1[nH]c2ccccc2s1,1,1.0
O=C(NCC1CCCCN1)c1ccccc1,1,1.0
N=C1SCCS1,1,1.0
O=C1c2ccccc2CC1CC1CCN(Cc2ccccc2)CC1,1,1.0
c1ccc(-c2cnc[nH+]n2)cc1,1,1.0
c1ccc(-c2nnn[nH]2)c(-c2ccc(Cn3ccnc3)cc2)c1,1,1.0
O=c1[nH]c(-c2ccccc2-c2ccc(Cn3cnc4ccccc43)cc2)no1,1,1.0
c1ccc2cc3ccccc3cc2c1,1,1.0
O=C(Cc1ccccc1)OC1CCCCC1,1,1.0
O=C(CCCN1CCCC1)c1ccccc1,1,1.0
O=S(=O)(Nc1ccccc1)c1nc2ccncn2n1,1,1.0
c1ccc(-c2cnc3ncncc3n2)cc1,1,1.0
O=c1nc2[nH][nH]cc-2c(=O)[nH]1,1,1.0
O=c1oc2ccccc2c2oc3ccccc3c12,1,1.0
O=C(COc1ccccc1)OCCOC(=O)c1cccnc1,1,1.0
c1ccc(CCOCC2CC2)cc1,1,1.0
c1ccc(C2=NOCC2)cc1,1,1.0
O=C1CCNCC1,1,1.0
c1ccc(Cn2ccnc2)cc1,1,1.0
O=C(Nc1ccccc1)c1ccccc1SSc1ccccc1C(=O)Nc1ccccc1,1,1.0
O=[PH]1Oc2ccccc2-c2ccccc21,1,1.0
O=S1(=O)CCCC1,1,1.0
c1ccc(Cc2cc(Cc3ccccc3)cc(-n3nc4ccccc4n3)c2)cc1,1,1.0
O=C(NC1CCCCC1)NS(=O)(=O)c1ccc(CCNC(=O)c2ccccc2)cc1,1,1.0
c1csc(COc2cccc3ccccc23)c1,1,1.0
O=c1c2ccccc2c(Cc2ccccc2)nn1C1CCCNCC1,1,1.0
c1ccc(CC(Cn2cncn2)C2CC2)cc1,1,1.0
C1CCC2=C(C1)CCCC2,1,1.0
O=C1C(=Cc2ccccc2)C2CCC1C2,1,1.0
O=c1[nH]c2ccccc2n1CCCN1CCC(n2c(=O)[nH]c3ccccc32)CC1,1,1.0
O=c1c2ccccc2sc2ccccc12,1,1.0
O=C1CCCC2=C1CCC2,1,1.0
c1ccc(C2CCNCC2COc2ccc3c(c2)OCO3)cc1,1,1.0
O=C(Nc1ccccc1Cc1ccccc1)c1ccncc1,1,1.0
c1c2c(cc3c1CCOC3)CCC2,1,1.0
C(=Nc1ccccc1)N(Cc1ccccc1)C1CCCC1,1,1.0
O=S(=O)(Nc1nc(-c2ncccn2)ncc1Oc1ccccc1)c1ccccc1,1,1.0
O=C1Nc2ccccc2C(C#CC2CC2)O1,1,1.0
N=c1nc[nH]c(=N)[nH]1,1,1.0
C1CCCCCC(N2CCOCC2)CCCCC1,1,1.0
c1ccc2sc(N3CCOCC3)nc2c1,1,1.0
O=C(CCCN1CCC(N2CCCCC2)CC1)c1ccccc1,1,1.0
O=C(CCCN1CCCCC1)c1ccccc1,1,1.0
O=C(CCCN1CCC(OC(c2ccccc2)c2ccccc2)CC1)c1ccccc1,1,1.0
c1ccc(-c2ccc(C(c3ccccc3)n3ccnc3)cc2)cc1,1,1.0
S=c1[nH]cc[nH]1,1,1.0
O=c1ccn2c3c(cccc13)CCC2,1,1.0
O=C(Nc1cccc(Nc2nccc(-c3cccnc3)n2)c1)c1ccc(CN2CCNCC2)cc1,1,1.0
c1ccc(Cn2cncn2)cc1,1,1.0
O=C1Cc2cc(CCN3CCN(c4nsc5ccccc45)CC3)ccc2N1,1,1.0
O=c1nc(-c2cccc(S(=O)(=O)N3CCNCC3)c2)[nH]n2cncc12,1,1.0
O=C1NC(=O)C(Cc2ccc(OCCc3ccccn3)cc2)S1,1,1.0
O=C1c2c([nH]c3ccccc23)CCC1Cn1ccnc1,1,1.0
O=C(OCCCCNCCc1ccccc1)c1ccccc1,1,1.0
c1ccc(C2=NC(c3ccccc3)CO2)cc1,1,1.0
O=C(COc1nc2ccccc2s1)Nc1ccccc1,1,1.0
O=C(NC(=O)c1ccccc1)Nc1ccc(Oc2ccccn2)cc1,1,1.0
O=C1NCOCN1Cc1cncs1,1,1.0
c1ccc2oncc2c1,1,1.0
O=C(C1COc2ccccc2O1)N1CCN(c2ncc3ccccc3n2)CC1,1,1.0
c1ccc(Cn2ccnn2)cc1,1,1.0
c1ccc(Cc2ccccc2OCCN2CCCCC2)cc1,1,1.0
S=C(Nc1ccccc1)Oc1ccc2ccccc2c1,1,1.0
O=C(C1CCCCC1)N1CC(=O)N2CCc3ccccc3C2C1,1,1.0
O=C1CC(c2ccccc2)C(=O)N1,1,1.0
N=C(NCCCCCCNC(=N)NC(=N)Nc1ccccc1)NC(=N)Nc1ccccc1,1,1.0
C1=NOC(c2ccccc2)(c2ccccc2)C1,1,1.0
O=c1ccc(=O)[nH][nH]1,1,1.0
O=C1CCCN1c1ccccc1,1,1.0
N=c1nccc[nH]1,1,1.0
c1ccc2c(c1)=NC(c1ccoc1)N=2,1,1.0
S=c1nc[nH]n1CC(Cc1ccccc1)C1CC1,1,1.0
O=C(NCCCNc1ncc2ccccc2n1)C1CCCO1,1,1.0
O=C1CCCCCN1,1,1.0
c1ccc2snnc2c1,1,1.0
O=c1ccoc2ccccc12,1,1.0
C(Cc1ccccc1)=NCCc1ccccc1,1,1.0
O=c1cc[nH]c(=O)n1-c1ccccc1,1,1.0
O=C(Oc1ccccc1)c1ccccc1C(=O)Oc1ccccc1,1,1.0
O=C(OCc1ccccc1)c1ccccc1C(=O)OCc1ccccc1,1,1.0
c1ccc(C2(c3ccccc3)CCCCC2)cc1,1,1.0
O=c1cc(-c2ccccc2)c2ccccc2o1,1,1.0
S=C1NCCO1,1,1.0
O=C1CCCCCCCCCCCN1,1,1.0
O=C1C=CC(=O)C=C1,1,1.0
O=C1Cc2ccc3c(c2CNCCc2cc4c(cc21)OCO4)OCO3,1,1.0
c1ccc2sc(SSc3nc4ccccc4s3)nc2c1,1,1.0
O=C(c1ccccc1)C1CCCCC1,1,1.0
O=C1CCCCCCCCCCC1,1,1.0
O=C(NC1CCCCC1)NC1CCCCC1,1,1.0
O=c1c2ccccc2[nH]c2ccccc12,1,1.0
